  0
SECTION
  2
HEADER
  9
$ACADVER
  1
AC1024
  9
$ACADMAINTVER
 70
6
  9
$DWGCODEPAGE
  3
ANSI_1252
  9
$LASTSAVEDBY
  1
EXE
  9
$INSBASE
 10
0.0
 20
0.0
 30
0.0
  9
$EXTMIN
 10
1e+20
 20
1e+20
 30
1e+20
  9
$EXTMAX
 10
-1e+20
 20
-1e+20
 30
-1e+20
  9
$LIMMIN
 10
0.0
 20
0.0
  9
$LIMMAX
 10
420.0
 20
297.0
  9
$ORTHOMODE
 70
1
  9
$REGENMODE
 70
1
  9
$FILLMODE
 70
1
  9
$QTEXTMODE
 70
0
  9
$MIRRTEXT
 70
1
  9
$LTSCALE
 40
1.0
  9
$ATTMODE
 70
1
  9
$TEXTSIZE
 40
2.5
  9
$TRACEWID
 40
1.0
  9
$TEXTSTYLE
  7
Standard
  9
$CLAYER
  8
MODULO
  9
$CELTYPE
  6
ByLayer
  9
$CECOLOR
 62
256
  9
$CELTSCALE
 40
1.0
  9
$DISPSILH
 70
0
  9
$DIMSCALE
 40
1.0
  9
$DIMASZ
 40
2.5
  9
$DIMEXO
 40
0.625
  9
$DIMDLI
 40
3.75
  9
$DIMRND
 40
0.0
  9
$DIMDLE
 40
0.0
  9
$DIMEXE
 40
1.25
  9
$DIMTP
 40
0.0
  9
$DIMTM
 40
0.0
  9
$DIMTXT
 40
2.5
  9
$DIMCEN
 40
2.5
  9
$DIMTSZ
 40
0.0
  9
$DIMTOL
 70
0
  9
$DIMLIM
 70
0
  9
$DIMTIH
 70
0
  9
$DIMTOH
 70
0
  9
$DIMSE1
 70
0
  9
$DIMSE2
 70
0
  9
$DIMTAD
 70
1
  9
$DIMZIN
 70
8
  9
$DIMBLK
  1

  9
$DIMASO
 70
1
  9
$DIMSHO
 70
1
  9
$DIMPOST
  1

  9
$DIMAPOST
  1

  9
$DIMALT
 70
0
  9
$DIMALTD
 70
3
  9
$DIMALTF
 40
0.03937007874
  9
$DIMLFAC
 40
1.0
  9
$DIMTOFL
 70
1
  9
$DIMTVP
 40
0.0
  9
$DIMTIX
 70
0
  9
$DIMSOXD
 70
0
  9
$DIMSAH
 70
0
  9
$DIMBLK1
  1

  9
$DIMBLK2
  1

  9
$DIMSTYLE
  2
Standard
  9
$DIMCLRD
 70
0
  9
$DIMCLRE
 70
0
  9
$DIMCLRT
 70
0
  9
$DIMTFAC
 40
1.0
  9
$DIMGAP
 40
0.625
  9
$DIMJUST
 70
0
  9
$DIMSD1
 70
0
  9
$DIMSD2
 70
0
  9
$DIMTOLJ
 70
0
  9
$DIMTZIN
 70
8
  9
$DIMALTZ
 70
0
  9
$DIMALTTZ
 70
0
  9
$DIMUPT
 70
0
  9
$DIMDEC
 70
2
  9
$DIMTDEC
 70
2
  9
$DIMALTU
 70
2
  9
$DIMALTTD
 70
3
  9
$DIMTXSTY
  7
Standard
  9
$DIMAUNIT
 70
0
  9
$DIMADEC
 70
0
  9
$DIMALTRND
 40
0.0
  9
$DIMAZIN
 70
0
  9
$DIMDSEP
 70
44
  9
$DIMATFIT
 70
3
  9
$DIMFRAC
 70
0
  9
$DIMLDRBLK
  1

  9
$DIMLUNIT
 70
2
  9
$DIMLWD
 70
-2
  9
$DIMLWE
 70
-2
  9
$DIMTMOVE
 70
0
  9
$DIMFXL
 40
1.0
  9
$DIMFXLON
 70
0
  9
$DIMJOGANG
 40
0.785398163397
  9
$DIMTFILL
 70
0
  9
$DIMTFILLCLR
 70
0
  9
$DIMARCSYM
 70
0
  9
$DIMLTYPE
  6

  9
$DIMLTEX1
  6

  9
$DIMLTEX2
  6

  9
$DIMTXTDIRECTION
 70
0
  9
$LUNITS
 70
2
  9
$LUPREC
 70
4
  9
$SKETCHINC
 40
1.0
  9
$FILLETRAD
 40
10.0
  9
$AUNITS
 70
0
  9
$AUPREC
 70
2
  9
$MENU
  1
.
  9
$ELEVATION
 40
0.0
  9
$PELEVATION
 40
0.0
  9
$THICKNESS
 40
0.0
  9
$LIMCHECK
 70
0
  9
$CHAMFERA
 40
0.0
  9
$CHAMFERB
 40
0.0
  9
$CHAMFERC
 40
0.0
  9
$CHAMFERD
 40
0.0
  9
$SKPOLY
 70
0
  9
$TDCREATE
 40
2461318.8833680553
  9
$TDUCREATE
 40
2458532.153996887
  9
$TDUPDATE
 40
2461318.8833680553
  9
$TDUUPDATE
 40
2461318.690084028
  9
$TDINDWG
 40
0.0165848495
  9
$TDUSRTIMER
 40
0.0165848495
  9
$USRTIMER
 70
1
  9
$ANGBASE
 50
0.0
  9
$ANGDIR
 70
0
  9
$PDMODE
 70
0
  9
$PDSIZE
 40
0.0
  9
$PLINEWID
 40
0.0
  9
$SPLFRAME
 70
0
  9
$SPLINETYPE
 70
6
  9
$SPLINESEGS
 70
8
  9
$HANDSEED
  5
207
  9
$SURFTAB1
 70
6
  9
$SURFTAB2
 70
6
  9
$SURFTYPE
 70
6
  9
$SURFU
 70
6
  9
$SURFV
 70
6
  9
$UCSBASE
  2

  9
$UCSNAME
  2

  9
$UCSORG
 10
0.0
 20
0.0
 30
0.0
  9
$UCSXDIR
 10
1.0
 20
0.0
 30
0.0
  9
$UCSYDIR
 10
0.0
 20
1.0
 30
0.0
  9
$UCSORTHOREF
  2

  9
$UCSORTHOVIEW
 70
0
  9
$UCSORGTOP
 10
0.0
 20
0.0
 30
0.0
  9
$UCSORGBOTTOM
 10
0.0
 20
0.0
 30
0.0
  9
$UCSORGLEFT
 10
0.0
 20
0.0
 30
0.0
  9
$UCSORGRIGHT
 10
0.0
 20
0.0
 30
0.0
  9
$UCSORGFRONT
 10
0.0
 20
0.0
 30
0.0
  9
$UCSORGBACK
 10
0.0
 20
0.0
 30
0.0
  9
$PUCSBASE
  2

  9
$PUCSNAME
  2

  9
$PUCSORG
 10
0.0
 20
0.0
 30
0.0
  9
$PUCSXDIR
 10
1.0
 20
0.0
 30
0.0
  9
$PUCSYDIR
 10
0.0
 20
1.0
 30
0.0
  9
$PUCSORTHOREF
  2

  9
$PUCSORTHOVIEW
 70
0
  9
$PUCSORGTOP
 10
0.0
 20
0.0
 30
0.0
  9
$PUCSORGBOTTOM
 10
0.0
 20
0.0
 30
0.0
  9
$PUCSORGLEFT
 10
0.0
 20
0.0
 30
0.0
  9
$PUCSORGRIGHT
 10
0.0
 20
0.0
 30
0.0
  9
$PUCSORGFRONT
 10
0.0
 20
0.0
 30
0.0
  9
$PUCSORGBACK
 10
0.0
 20
0.0
 30
0.0
  9
$USERI1
 70
0
  9
$USERI2
 70
0
  9
$USERI3
 70
0
  9
$USERI4
 70
0
  9
$USERI5
 70
0
  9
$USERR1
 40
0.0
  9
$USERR2
 40
0.0
  9
$USERR3
 40
0.0
  9
$USERR4
 40
0.0
  9
$USERR5
 40
0.0
  9
$WORLDVIEW
 70
1
  9
$SHADEDGE
 70
3
  9
$SHADEDIF
 70
70
  9
$TILEMODE
 70
1
  9
$MAXACTVP
 70
64
  9
$PINSBASE
 10
0.0
 20
0.0
 30
0.0
  9
$PLIMCHECK
 70
0
  9
$PEXTMIN
 10
1e+20
 20
1e+20
 30
1e+20
  9
$PEXTMAX
 10
-1e+20
 20
-1e+20
 30
-1e+20
  9
$PLIMMIN
 10
0.0
 20
0.0
  9
$PLIMMAX
 10
420.0
 20
297.0
  9
$UNITMODE
 70
0
  9
$VISRETAIN
 70
1
  9
$PLINEGEN
 70
0
  9
$PSLTSCALE
 70
1
  9
$TREEDEPTH
 70
3020
  9
$CMLSTYLE
  2
Standard
  9
$CMLJUST
 70
0
  9
$CMLSCALE
 40
20.0
  9
$PROXYGRAPHICS
 70
1
  9
$MEASUREMENT
 70
1
  9
$CELWEIGHT
370
-1
  9
$ENDCAPS
280
0
  9
$JOINSTYLE
280
0
  9
$LWDISPLAY
290
0
  9
$INSUNITS
 70
6
  9
$HYPERLINKBASE
  1

  9
$STYLESHEET
  1

  9
$XEDIT
290
1
  9
$CEPSNTYPE
380
0
  9
$PSTYLEMODE
290
1
  9
$FINGERPRINTGUID
  2
{E40645B9-33A2-44C1-B381-4DB52B4BD0D4}
  9
$VERSIONGUID
  2
{C6206CB9-BCEB-4437-B976-B2B2E125830B}
  9
$EXTNAMES
290
1
  9
$PSVPSCALE
 40
0.0
  9
$OLESTARTUP
290
0
  9
$SORTENTS
280
127
  9
$INDEXCTL
280
0
  9
$HIDETEXT
280
1
  9
$XCLIPFRAME
280
1
  9
$HALOGAP
280
0
  9
$OBSCOLOR
 70
257
  9
$OBSLTYPE
280
0
  9
$INTERSECTIONDISPLAY
280
0
  9
$INTERSECTIONCOLOR
 70
257
  9
$DIMASSOC
280
2
  9
$PROJECTNAME
  1

  9
$CAMERADISPLAY
290
0
  9
$LENSLENGTH
 40
50.0
  9
$CAMERAHEIGHT
 40
0.0
  9
$STEPSPERSEC
 40
24.0
  9
$STEPSIZE
 40
100.0
  9
$3DDWFPREC
 40
2.0
  9
$PSOLWIDTH
 40
0.005
  9
$PSOLHEIGHT
 40
0.08
  9
$LOFTANG1
 40
1.570796326795
  9
$LOFTANG2
 40
1.570796326795
  9
$LOFTMAG1
 40
0.0
  9
$LOFTMAG2
 40
0.0
  9
$LOFTPARAM
 70
7
  9
$LOFTNORMALS
280
1
  9
$LATITUDE
 40
37.795
  9
$LONGITUDE
 40
-122.394
  9
$NORTHDIRECTION
 40
0.0
  9
$TIMEZONE
 70
-8000
  9
$LIGHTGLYPHDISPLAY
280
1
  9
$TILEMODELIGHTSYNCH
280
1
  9
$CMATERIAL
347
20
  9
$SOLIDHIST
280
0
  9
$SHOWHIST
280
1
  9
$DWFFRAME
280
2
  9
$DGNFRAME
280
2
  9
$REALWORLDSCALE
290
1
  9
$INTERFERECOLOR
 62
256
  9
$CSHADOW
280
0
  9
$SHADOWPLANELOCATION
 40
0.0
  0
ENDSEC
  0
SECTION
  2
CLASSES
  0
CLASS
  1
ACDBDICTIONARYWDFLT
  2
AcDbDictionaryWithDefault
  3
ObjectDBX Classes
 90
0
 91
3
280
0
281
0
  0
CLASS
  1
SUN
  2
AcDbSun
  3
SCENEOE
 90
1153
 91
3
280
0
281
0
  0
CLASS
  1
VISUALSTYLE
  2
AcDbVisualStyle
  3
ObjectDBX Classes
 90
4095
 91
3
280
0
281
0
  0
CLASS
  1
MATERIAL
  2
AcDbMaterial
  3
ObjectDBX Classes
 90
1153
 91
3
280
0
281
0
  0
CLASS
  1
SCALE
  2
AcDbScale
  3
ObjectDBX Classes
 90
1153
 91
3
280
0
281
0
  0
CLASS
  1
TABLESTYLE
  2
AcDbTableStyle
  3
ObjectDBX Classes
 90
4095
 91
3
280
0
281
0
  0
CLASS
  1
MLEADERSTYLE
  2
AcDbMLeaderStyle
  3
ACDB_MLEADERSTYLE_CLASS
 90
4095
 91
3
280
0
281
0
  0
CLASS
  1
DICTIONARYVAR
  2
AcDbDictionaryVar
  3
ObjectDBX Classes
 90
0
 91
3
280
0
281
0
  0
CLASS
  1
CELLSTYLEMAP
  2
AcDbCellStyleMap
  3
ObjectDBX Classes
 90
1152
 91
3
280
0
281
0
  0
CLASS
  1
MENTALRAYRENDERSETTINGS
  2
AcDbMentalRayRenderSettings
  3
SCENEOE
 90
1024
 91
3
280
0
281
0
  0
CLASS
  1
ACDBDETAILVIEWSTYLE
  2
AcDbDetailViewStyle
  3
ObjectDBX Classes
 90
1025
 91
3
280
0
281
0
  0
CLASS
  1
ACDBSECTIONVIEWSTYLE
  2
AcDbSectionViewStyle
  3
ObjectDBX Classes
 90
1025
 91
3
280
0
281
0
  0
CLASS
  1
RASTERVARIABLES
  2
AcDbRasterVariables
  3
ISM
 90
0
 91
3
280
0
281
0
  0
CLASS
  1
LAYOUT
  2
AcDbLayout
  3
ObjectDBX Classes
 90
0
 91
1
280
0
281
0
  0
CLASS
  1
ACDBPLACEHOLDER
  2
AcDbPlaceHolder
  3
ObjectDBX Classes
 90
0
 91
1
280
0
281
0
  0
CLASS
  1
SORTENTSTABLE
  2
AcDbSortentsTable
  3
ObjectDBX Classes
 90
0
 91
3
280
0
281
0
  0
ENDSEC
  0
SECTION
  2
TABLES
  0
TABLE
  2
VPORT
  5
8
330
0
100
AcDbSymbolTable
 70
1
  0
VPORT
  5
23
330
8
100
AcDbSymbolTableRecord
100
AcDbViewportTableRecord
  2
*Active
 70
0
 10
0.0
 20
0.0
 11
1.0
 21
1.0
 12
5.42951026885314
 22
2.13172716975177
 13
0.0
 23
0.0
 14
0.5
 24
0.5
 15
0.5
 25
0.5
 16
0.0
 26
0.0
 36
1.0
 17
0.0
 27
0.0
 37
0.0
 40
6.26402163557868
 41
2.60765550239234
 42
50.0
 43
0.0
 44
0.0
 50
0.0
 51
0.0
 71
16
 72
1000
 73
1
 74
3
 75
0
 76
0
 77
0
 78
0
281
0
 65
0
110
0.0
120
0.0
130
0.0
111
1.0
121
0.0
131
0.0
112
0.0
122
1.0
132
0.0
 79
0
146
0.0
 60
3
 61
5
348
8F
292
1
282
1
141
0.0
142
0.0
 63
250
  0
ENDTAB
  0
TABLE
  2
LTYPE
  5
2
330
0
100
AcDbSymbolTable
 70
4
  0
LTYPE
  5
24
330
2
100
AcDbSymbolTableRecord
100
AcDbLinetypeTableRecord
  2
ByBlock
 70
0
  3

 72
65
 73
0
 40
0.0
  0
LTYPE
  5
25
330
2
100
AcDbSymbolTableRecord
100
AcDbLinetypeTableRecord
  2
ByLayer
 70
0
  3

 72
65
 73
0
 40
0.0
  0
LTYPE
  5
26
330
2
100
AcDbSymbolTableRecord
100
AcDbLinetypeTableRecord
  2
Continuous
 70
0
  3

 72
65
 73
0
 40
0.0
  0
LTYPE
  5
A5
330
2
100
AcDbSymbolTableRecord
100
AcDbLinetypeTableRecord
  2
DASHED2
 70
0
  3
Dashed (0.5x) _ _ _ _ _ _ _ _ _ _ _ _ _ _ _ _ _
 72
65
 73
2
 40
9.525
 49
6.35
 74
0
 49
-3.175
 74
0
  0
ENDTAB
  0
TABLE
  2
LAYER
  5
1
330
0
100
AcDbSymbolTable
 70
9
  0
LAYER
  5
27
330
1
100
AcDbSymbolTableRecord
100
AcDbLayerTableRecord
  2
0
 70
0
 62
7
  6
Continuous
370
-3
390
13
347
21
  0
LAYER
  5
28
330
1
100
AcDbSymbolTableRecord
100
AcDbLayerTableRecord
  2
Defpoints
 70
0
 62
7
  6
Continuous
290
0
370
-3
390
13
347
21
  0
LAYER
  5
2F
330
1
100
AcDbSymbolTableRecord
100
AcDbLayerTableRecord
  2
MODULO
 70
0
 62
7
  6
Continuous
370
-3
390
13
347
21
  0
LAYER
  5
30
330
1
100
AcDbSymbolTableRecord
100
AcDbLayerTableRecord
  2
CAIDA
 70
0
 62
1
  6
Continuous
370
-3
390
13
347
21
  0
LAYER
  5
31
330
1
100
AcDbSymbolTableRecord
100
AcDbLayerTableRecord
  2
PANEL
 70
0
 62
3
  6
Continuous
370
-3
390
13
347
21
  0
LAYER
  5
32
330
1
100
AcDbSymbolTableRecord
100
AcDbLayerTableRecord
  2
VANO
 70
0
 62
5
  6
Continuous
370
-3
390
13
347
21
  0
LAYER
  5
33
330
1
100
AcDbSymbolTableRecord
100
AcDbLayerTableRecord
  2
PANEL_REV
 70
0
 62
6
  6
Continuous
370
-3
390
13
347
21
  0
LAYER
  5
34
330
1
100
AcDbSymbolTableRecord
100
AcDbLayerTableRecord
  2
TECHO
 70
0
 62
4
  6
Continuous
370
-3
390
13
347
21
  0
LAYER
  5
A7
330
1
100
AcDbSymbolTableRecord
100
AcDbLayerTableRecord
  2
LEEME
 70
0
 62
8
  6
Continuous
370
-3
390
13
347
21
  0
ENDTAB
  0
TABLE
  2
STYLE
  5
5
330
0
100
AcDbSymbolTable
 70
1
  0
STYLE
  5
29
330
5
100
AcDbSymbolTableRecord
100
AcDbTextStyleTableRecord
  2
Standard
 70
0
 40
0.0
 41
1.0
 50
0.0
 71
0
 42
2.5
  3
txt
  4

  0
ENDTAB
  0
TABLE
  2
VIEW
  5
7
330
0
100
AcDbSymbolTable
 70
0
  0
ENDTAB
  0
TABLE
  2
UCS
  5
6
330
0
100
AcDbSymbolTable
 70
0
  0
ENDTAB
  0
TABLE
  2
APPID
  5
3
330
0
100
AcDbSymbolTable
 70
3
  0
APPID
  5
2A
330
3
100
AcDbSymbolTableRecord
100
AcDbRegAppTableRecord
  2
ACAD
 70
0
  0
APPID
  5
76
330
3
100
AcDbSymbolTableRecord
100
AcDbRegAppTableRecord
  2
HATCHBACKGROUNDCOLOR
 70
0
  0
APPID
  5
77
330
3
100
AcDbSymbolTableRecord
100
AcDbRegAppTableRecord
  2
EZDXF
 70
0
  0
ENDTAB
  0
TABLE
  2
DIMSTYLE
  5
4
330
0
100
AcDbSymbolTable
 70
1
100
AcDbDimStyleTable
  0
DIMSTYLE
105
2B
330
4
100
AcDbSymbolTableRecord
100
AcDbDimStyleTableRecord
  2
Standard
 70
0
 40
1.0
 41
2.5
 42
0.625
 43
3.75
 44
1.25
 45
0.0
 46
0.0
 47
0.0
 48
0.0
 49
2.5
140
2.5
141
2.5
142
0.0
143
0.03937007874
144
1.0
145
0.0
146
1.0
147
0.625
148
0.0
 69
0
 70
0
 71
0
 72
0
 73
0
 74
0
 75
0
 76
0
 77
1
 78
8
 79
3
170
0
171
3
172
1
173
0
174
0
175
0
176
0
177
0
178
0
179
2
271
2
272
2
273
2
274
3
275
0
276
0
277
2
278
44
279
0
280
0
281
0
282
0
283
0
284
8
285
0
286
0
288
0
289
3
290
0
340
29
371
-2
372
-2
  0
ENDTAB
  0
TABLE
  2
BLOCK_RECORD
  5
9
330
0
100
AcDbSymbolTable
 70
4
  0
BLOCK_RECORD
  5
17
102
{ACAD_XDICTIONARY
360
103
102
}
330
9
100
AcDbSymbolTableRecord
100
AcDbBlockTableRecord
  2
*Model_Space
340
1A
 70
0
280
1
281
0
  0
BLOCK_RECORD
  5
1B
330
9
100
AcDbSymbolTableRecord
100
AcDbBlockTableRecord
  2
*Paper_Space
340
1E
 70
0
280
1
281
0
  0
BLOCK_RECORD
  5
35
330
9
100
AcDbSymbolTableRecord
100
AcDbBlockTableRecord
  2
VANO_BLOQUE
340
0
 70
0
280
1
281
0
  0
BLOCK_RECORD
  5
3B
330
9
100
AcDbSymbolTableRecord
100
AcDbBlockTableRecord
  2
REV_BLOQUE
340
0
 70
0
280
1
281
0
  0
ENDTAB
  0
ENDSEC
  0
SECTION
  2
BLOCKS
  0
BLOCK
  5
18
330
17
100
AcDbEntity
  8
0
100
AcDbBlockBegin
  2
*Model_Space
 70
0
 10
0.0
 20
0.0
 30
0.0
  3
*Model_Space
  1

  0
ENDBLK
  5
19
330
17
100
AcDbEntity
  8
0
100
AcDbBlockEnd
  0
BLOCK
  5
1C
330
1B
100
AcDbEntity
 67
1
  8
0
100
AcDbBlockBegin
  2
*Paper_Space
 70
0
 10
0.0
 20
0.0
 30
0.0
  3
*Paper_Space
  1

  0
ENDBLK
  5
1D
330
1B
100
AcDbEntity
 67
1
  8
0
100
AcDbBlockEnd
  0
BLOCK
  5
36
330
35
100
AcDbEntity
  8
0
100
AcDbBlockBegin
  2
VANO_BLOQUE
 70
2
 10
0.0
 20
0.0
 30
0.0
  3
VANO_BLOQUE
  1

  0
ATTDEF
  5
38
330
35
100
AcDbEntity
  8
0
100
AcDbText
 10
0.0
 20
0.0
 30
0.0
 40
0.08
  1
V
100
AcDbAttributeDefinition
  3

  2
TIPO
 70
0
  0
ATTDEF
  5
39
330
35
100
AcDbEntity
  8
0
100
AcDbText
 10
0.0
 20
-0.1
 30
0.0
 40
0.08
  1
1.00
100
AcDbAttributeDefinition
  3

  2
ALTO
 70
0
  0
ATTDEF
  5
3A
330
35
100
AcDbEntity
  8
0
100
AcDbText
 10
0.0
 20
-0.2
 30
0.0
 40
0.08
  1
0.90
100
AcDbAttributeDefinition
  3

  2
ANTEPECHO
 70
0
  0
ENDBLK
  5
37
330
35
100
AcDbEntity
  8
0
100
AcDbBlockEnd
  0
BLOCK
  5
3C
330
3B
100
AcDbEntity
  8
0
100
AcDbBlockBegin
  2
REV_BLOQUE
 70
2
 10
0.0
 20
0.0
 30
0.0
  3
REV_BLOQUE
  1

  0
ATTDEF
  5
3E
330
3B
100
AcDbEntity
  8
0
100
AcDbText
 10
0.0
 20
0.0
 30
0.0
 40
0.08
  1
EXT
100
AcDbAttributeDefinition
  3

  2
CARA
 70
0
  0
ATTDEF
  5
3F
330
3B
100
AcDbEntity
  8
0
100
AcDbText
 10
0.0
 20
-0.1
 30
0.0
 40
0.08
  1
V
100
AcDbAttributeDefinition
  3

  2
SENTIDO
 70
0
  0
ENDBLK
  5
3D
330
3B
100
AcDbEntity
  8
0
100
AcDbBlockEnd
  0
ENDSEC
  0
SECTION
  2
ENTITIES
  0
MTEXT
  5
A6
330
17
100
AcDbEntity
  8
LEEME
100
AcDbMText
 10
-7.38933971607763
 20
2.02263811724507
 30
0.0
 40
0.08
 41
5.5
 46
0.0
 71
1
  3
PLANTILLA DE MODULO SIP (unidades: metros)\PUn archivo = un modulo. Todo con rectangulos CERRADOS, sin girar.\PMODULO: rectangulo del contorno exterior (multiplo de 0,61 m).\PCAIDA: flecha hacia donde baja el techo (linea mas larga = cuerpo de la fle
  3
cha).\PPANEL: un rectangulo por panel de muro (ancho x 0,09), sobre el contorno. Las juntas se superponen.\PTECHO: un rectangulo por panel de techo, en planta (max. 1,22 x 2,44; juntas trabadas).\PVANO: rectangulo con la medida de la ABERTURA (sin hu
  3
elgo) + bloque VANO_BLOQUE dentro.\PPANEL_REV: bloque REV_BLOQUE dentro de cada panel con smart panel.\PPara insertar un bloque: poner como capa actual VANO (o PANEL_REV) y usar INSERT.\PGuardar para el programa: SAVEAS > AutoCAD DXF (2018 o anterior
  1
).\PEsta capa (LEEME) no se lee.
  0
LWPOLYLINE
  5
E7
330
17
100
AcDbEntity
  8
PANEL
100
AcDbPolyline
 90
4
 70
1
 10
2.25
 20
0.09
 10
3.47
 20
0.09
 10
3.47
 20
0.0
 10
2.25
 20
0.0
  0
LWPOLYLINE
  5
EC
330
17
100
AcDbEntity
  8
VANO
100
AcDbPolyline
 90
4
 70
1
 10
2.625
 20
0.08999999999999
 10
2.625
 20
-1e-14
 10
4.225
 20
-1e-14
 10
4.225
 20
0.09
  0
LWPOLYLINE
  5
EE
330
17
100
AcDbEntity
  8
PANEL
100
AcDbPolyline
 90
4
 70
1
 10
3.47
 20
0.09
 10
4.69
 20
0.09
 10
4.69
 20
0.0
 10
3.47
 20
0.0
  0
LWPOLYLINE
  5
EF
330
17
100
AcDbEntity
  8
PANEL
100
AcDbPolyline
 90
4
 70
1
 10
4.69000000000002
 20
-4e-14
 10
5.91
 20
-4e-14
 10
5.91
 20
0.09
 10
4.69000000000002
 20
0.09
  0
LWPOLYLINE
  5
F0
330
17
100
AcDbEntity
  8
PANEL
100
AcDbPolyline
 90
4
 70
1
 10
5.91
 20
-4e-14
 10
6.0
 20
-4e-14
 10
6.0
 20
0.56
 10
5.91
 20
0.56
  0
LWPOLYLINE
  5
F1
330
17
100
AcDbEntity
  8
PANEL
100
AcDbPolyline
 90
4
 70
1
 10
6.0
 20
0.55999999999997
 10
5.91
 20
0.55999999999997
 10
5.91
 20
1.78000000000002
 10
6.0
 20
1.78000000000002
  0
LWPOLYLINE
  5
F2
330
17
100
AcDbEntity
  8
PANEL
100
AcDbPolyline
 90
4
 70
1
 10
5.91
 20
1.78000000000002
 10
6.0
 20
1.78000000000002
 10
6.0
 20
3.0
 10
5.91
 20
3.0
  0
LWPOLYLINE
  5
F3
330
17
100
AcDbEntity
  8
PANEL
100
AcDbPolyline
 90
4
 70
1
 10
5.91
 20
3.0
 10
4.97
 20
3.0
 10
4.97
 20
2.91
 10
5.91
 20
2.91
  0
LWPOLYLINE
  5
F4
330
17
100
AcDbEntity
  8
PANEL
100
AcDbPolyline
 90
4
 70
1
 10
4.97
 20
3.0
 10
3.75
 20
3.0
 10
3.75
 20
2.91000000000001
 10
4.97
 20
2.91000000000001
  0
LWPOLYLINE
  5
F5
330
17
100
AcDbEntity
  8
PANEL
100
AcDbPolyline
 90
4
 70
1
 10
3.75
 20
2.91000000000001
 10
2.53
 20
2.91000000000001
 10
2.53
 20
3.0
 10
3.75
 20
3.0
  0
LWPOLYLINE
  5
F6
330
17
100
AcDbEntity
  8
PANEL
100
AcDbPolyline
 90
4
 70
1
 10
2.53
 20
3.0
 10
1.31
 20
3.0
 10
1.31
 20
2.91
 10
2.53
 20
2.91
  0
LWPOLYLINE
  5
F7
330
17
100
AcDbEntity
  8
PANEL
100
AcDbPolyline
 90
4
 70
1
 10
1.31
 20
2.91
 10
0.09
 20
2.91
 10
0.09
 20
3.0
 10
1.31
 20
3.0
  0
LWPOLYLINE
  5
F8
330
17
100
AcDbEntity
  8
PANEL
100
AcDbPolyline
 90
4
 70
1
 10
0.0
 20
3.0
 10
0.09
 20
3.0
 10
0.09
 20
1.78
 10
0.0
 20
1.78
  0
LWPOLYLINE
  5
F9
330
17
100
AcDbEntity
  8
PANEL
100
AcDbPolyline
 90
4
 70
1
 10
0.09
 20
1.78
 10
0.0
 20
1.78
 10
0.0
 20
0.56
 10
0.09
 20
0.56
  0
LWPOLYLINE
  5
FA
330
17
100
AcDbEntity
  8
PANEL
100
AcDbPolyline
 90
4
 70
1
 10
0.09
 20
0.56
 10
1.31
 20
0.56
 10
1.31
 20
0.65
 10
0.09
 20
0.65
  0
LWPOLYLINE
  5
FB
330
17
100
AcDbEntity
  8
PANEL
100
AcDbPolyline
 90
4
 70
1
 10
1.31
 20
0.56
 10
2.16000000000005
 20
0.55999999999994
 10
2.16000000000005
 20
0.64999999999994
 10
1.31
 20
0.65
  0
LWPOLYLINE
  5
FC
330
17
100
AcDbEntity
  8
VANO
100
AcDbPolyline
 90
4
 70
1
 10
0.58
 20
0.65
 10
1.58
 20
0.65
 10
1.58
 20
0.56
 10
0.58
 20
0.56
  0
LWPOLYLINE
  5
FD
330
17
100
AcDbEntity
  8
VANO
100
AcDbPolyline
 90
4
 70
1
 10
5.91
 20
1.34
 10
6.0
 20
1.34
 10
6.0
 20
0.74
 10
5.90999999999999
 20
0.74
  0
LWPOLYLINE
  5
FE
330
17
100
AcDbEntity
  8
PANEL
100
AcDbPolyline
 90
4
 70
1
 10
4.91999999999996
 20
2.18000000000002
 10
4.91999999999996
 20
0.96000000000002
 10
5.00999999999998
 20
0.96000000000002
 10
5.01
 20
2.18000000000002
  0
LWPOLYLINE
  5
FF
330
17
100
AcDbEntity
  8
PANEL
100
AcDbPolyline
 90
4
 70
1
 10
5.01
 20
2.18000000000002
 10
5.91
 20
2.18
 10
5.91
 20
2.09
 10
5.01
 20
2.09
  0
LWPOLYLINE
  5
100
330
17
100
AcDbEntity
  8
PANEL
100
AcDbPolyline
 90
4
 70
1
 10
4.91999999999998
 20
0.96000000000002
 10
5.01
 20
0.96000000000002
 10
5.01
 20
0.09
 10
4.91999999999998
 20
0.09
  0
LWPOLYLINE
  5
101
330
17
100
AcDbEntity
  8
VANO
100
AcDbPolyline
 90
4
 70
1
 10
4.91999999999996
 20
1.39
 10
5.01
 20
1.39
 10
5.01
 20
0.69
 10
4.91999999999996
 20
0.69
  0
LWPOLYLINE
  5
102
330
17
100
AcDbEntity
  8
PANEL
100
AcDbPolyline
 90
4
 70
1
 10
2.16000000000005
 20
0.64999999999994
 10
2.25
 20
0.64999999999994
 10
2.25
 20
0.0
 10
2.16000000000005
 20
0.0
  0
LWPOLYLINE
  5
105
330
17
100
AcDbEntity
  8
TECHO
100
AcDbPolyline
 90
4
 70
1
 10
4.69
 20
3.08999999999994
 10
4.69
 20
2.53
 10
5.91
 20
2.53
 10
5.91
 20
3.08999999999994
  0
LWPOLYLINE
  5
108
330
17
100
AcDbEntity
  8
TECHO
100
AcDbPolyline
 90
4
 70
1
 10
4.69
 20
2.53
 10
4.69
 20
0.09
 10
5.91
 20
0.09
 10
5.91
 20
2.53
  0
INSERT
  5
13C
330
17
100
AcDbEntity
  8
VANO
100
AcDbBlockReference
 66
1
  2
VANO_BLOQUE
 10
0.91340086955024
 20
0.60451534714323
 30
0.0
  0
ATTRIB
  5
13F
330
13C
100
AcDbEntity
  8
0
100
AcDbText
 10
0.91340086955024
 20
0.60451534714323
 30
0.0
 40
0.08
  1
V
100
AcDbAttribute
  2
TIPO
 70
0
  0
ATTRIB
  5
141
330
13C
100
AcDbEntity
  8
0
100
AcDbText
 10
0.91340086955024
 20
0.50451534714323
 30
0.0
 40
0.08
  1
2.050
100
AcDbAttribute
  2
ALTO
 70
0
  0
ATTRIB
  5
142
330
13C
100
AcDbEntity
  8
0
100
AcDbText
 10
0.91340086955024
 20
0.40451534714323
 30
0.0
 40
0.08
  1
1.050
100
AcDbAttribute
  2
ANTEPECHO
 70
0
  0
SEQEND
  5
143
330
17
100
AcDbEntity
  8
VANO
  0
INSERT
  5
144
330
17
100
AcDbEntity
  8
VANO
100
AcDbBlockReference
 66
1
  2
VANO_BLOQUE
 10
3.11198368752366
 20
0.01965849839681
 30
0.0
  0
ATTRIB
  5
147
330
144
100
AcDbEntity
  8
0
100
AcDbText
 10
3.11198368752366
 20
0.01965849839681
 30
0.0
 40
0.08
  1
PV
100
AcDbAttribute
  2
TIPO
 70
0
  0
ATTRIB
  5
149
330
144
100
AcDbEntity
  8
0
100
AcDbText
 10
3.11198368752366
 20
-0.08034150160319
 30
0.0
 40
0.08
  1
2.050
100
AcDbAttribute
  2
ALTO
 70
0
  0
ATTRIB
  5
14A
330
144
100
AcDbEntity
  8
0
100
AcDbText
 10
3.11198368752366
 20
-0.18034150160319
 30
0.0
 40
0.08
  1
0.000
100
AcDbAttribute
  2
ANTEPECHO
 70
0
  0
SEQEND
  5
14B
330
17
100
AcDbEntity
  8
VANO
  0
INSERT
  5
14C
330
17
100
AcDbEntity
  8
VANO
100
AcDbBlockReference
 66
1
  2
VANO_BLOQUE
 10
4.86265525798995
 20
1.06780735710946
 30
0.0
  0
ATTRIB
  5
14F
330
14C
100
AcDbEntity
  8
0
100
AcDbText
 10
4.86265525798995
 20
1.06780735710946
 30
0.0
 40
0.08
  1
P
100
AcDbAttribute
  2
TIPO
 70
0
  0
ATTRIB
  5
151
330
14C
100
AcDbEntity
  8
0
100
AcDbText
 10
4.86265525798995
 20
0.96780735710946
 30
0.0
 40
0.08
  1
2.050
100
AcDbAttribute
  2
ALTO
 70
0
  0
ATTRIB
  5
152
330
14C
100
AcDbEntity
  8
0
100
AcDbText
 10
4.86265525798995
 20
0.86780735710946
 30
0.0
 40
0.08
  1
0.000
100
AcDbAttribute
  2
ANTEPECHO
 70
0
  0
SEQEND
  5
153
330
17
100
AcDbEntity
  8
VANO
  0
INSERT
  5
154
330
17
100
AcDbEntity
  8
VANO
100
AcDbBlockReference
 66
1
  2
VANO_BLOQUE
 10
5.85230995566337
 20
1.09780401763728
 30
0.0
  0
ATTRIB
  5
157
330
154
100
AcDbEntity
  8
0
100
AcDbText
 10
5.85230995566337
 20
1.09780401763728
 30
0.0
 40
0.08
  1
V
100
AcDbAttribute
  2
TIPO
 70
0
  0
ATTRIB
  5
159
330
154
100
AcDbEntity
  8
0
100
AcDbText
 10
5.85230995566337
 20
0.99780401763728
 30
0.0
 40
0.08
  1
2.050
100
AcDbAttribute
  2
ALTO
 70
0
  0
ATTRIB
  5
15A
330
154
100
AcDbEntity
  8
0
100
AcDbText
 10
5.85230995566337
 20
0.89780401763728
 30
0.0
 40
0.08
  1
1.050
100
AcDbAttribute
  2
ANTEPECHO
 70
0
  0
SEQEND
  5
15B
330
17
100
AcDbEntity
  8
VANO
  0
LWPOLYLINE
  5
15C
330
17
100
AcDbEntity
  8
TECHO
100
AcDbPolyline
 90
4
 70
1
 10
4.69
 20
0.09
 10
4.69
 20
0.64999999999994
 10
3.47
 20
0.64999999999994
 10
3.47
 20
0.09
  0
LWPOLYLINE
  5
15D
330
17
100
AcDbEntity
  8
TECHO
100
AcDbPolyline
 90
4
 70
1
 10
4.69
 20
0.64999999999994
 10
4.69
 20
3.08999999999994
 10
3.47
 20
3.08999999999994
 10
3.47
 20
0.64999999999994
  0
LWPOLYLINE
  5
15E
330
17
100
AcDbEntity
  8
TECHO
100
AcDbPolyline
 90
4
 70
1
 10
2.25
 20
3.08999999999994
 10
2.25
 20
2.53
 10
3.47
 20
2.53
 10
3.47
 20
3.08999999999994
  0
LWPOLYLINE
  5
15F
330
17
100
AcDbEntity
  8
TECHO
100
AcDbPolyline
 90
4
 70
1
 10
2.25
 20
2.53
 10
2.25
 20
0.09
 10
3.47
 20
0.09
 10
3.47
 20
2.53
  0
LWPOLYLINE
  5
161
330
17
100
AcDbEntity
  8
TECHO
100
AcDbPolyline
 90
4
 70
1
 10
2.25
 20
0.64999999999994
 10
2.25
 20
3.08999999999994
 10
1.03
 20
3.08999999999994
 10
1.03
 20
0.64999999999994
  0
LWPOLYLINE
  5
162
330
17
100
AcDbEntity
  8
TECHO
100
AcDbPolyline
 90
4
 70
1
 10
1.03
 20
0.64999999999994
 10
1.03
 20
3.08999999999994
 10
0.09
 20
3.08999999999994
 10
0.09
 20
0.65
  0
LINE
  5
164
330
17
100
AcDbEntity
  8
CAIDA
100
AcDbLine
 10
3.03197292300176
 20
1.11597784801357
 30
0.0
 11
3.03197292300176
 21
2.01597784801357
 31
0.0
  0
LINE
  5
167
330
17
100
AcDbEntity
  8
CAIDA
100
AcDbLine
 10
3.03197292300176
 20
2.01597784801357
 30
0.0
 11
2.97197292300176
 21
1.91597784801357
 31
0.0
  0
LINE
  5
168
330
17
100
AcDbEntity
  8
CAIDA
100
AcDbLine
 10
3.03197292300176
 20
2.01597784801357
 30
0.0
 11
3.09197292300176
 21
1.91597784801357
 31
0.0
  0
LWPOLYLINE
  5
1CF
330
17
100
AcDbEntity
  8
MODULO
100
AcDbPolyline
 90
6
 70
1
 10
0.0
 20
3.0
 10
0.0
 20
0.56
 10
2.16000000000005
 20
0.55999999999994
 10
2.16000000000005
 20
0.0
 10
6.0
 20
-4e-14
 10
6.0
 20
3.0
  0
ENDSEC
  0
SECTION
  2
OBJECTS
  0
DICTIONARY
  5
A
330
0
100
AcDbDictionary
281
1
  3
ACAD_COLOR
350
B
  3
ACAD_DETAILVIEWSTYLE
350
B2
  3
ACAD_GROUP
350
C
  3
ACAD_LAYOUT
350
D
  3
ACAD_MATERIAL
350
E
  3
ACAD_MLEADERSTYLE
350
F
  3
ACAD_MLINESTYLE
350
10
  3
ACAD_PLOTSETTINGS
350
11
  3
ACAD_PLOTSTYLENAME
350
12
  3
ACAD_SCALELIST
350
79
  3
ACAD_SECTIONVIEWSTYLE
350
B3
  3
ACAD_TABLESTYLE
350
15
  3
ACAD_VISUALSTYLE
350
16
  3
ACDB_RECOMPOSE_DATA
350
202
  3
AcDbVariableDictionary
350
AA
  3
EZDXF_META
350
2D
  0
SUN
  5
A4
330
23
100
AcDbSun
 90
1
290
0
 63
7
421
16777215
 40
1.0
291
1
 91
2455826
 92
54000000
292
0
 70
2
 71
256
280
1
  0
DICTIONARY
  5
103
330
17
100
AcDbDictionary
280
1
281
1
  3
ACAD_SORTENTS
360
104
  0
DICTIONARY
  5
B
330
A
100
AcDbDictionary
281
1
  0
DICTIONARY
  5
B2
102
{ACAD_REACTORS
330
A
102
}
330
A
100
AcDbDictionary
281
1
  0
DICTIONARY
  5
C
330
A
100
AcDbDictionary
281
1
  0
DICTIONARY
  5
D
330
A
100
AcDbDictionary
281
1
  3
Layout1
350
1E
  3
Model
350
1A
  0
DICTIONARY
  5
E
330
A
100
AcDbDictionary
281
1
  3
ByBlock
350
1F
  3
ByLayer
350
20
  3
Global
350
21
  0
DICTIONARY
  5
F
330
A
100
AcDbDictionary
281
1
  3
Standard
350
2C
  0
DICTIONARY
  5
10
330
A
100
AcDbDictionary
281
1
  3
Standard
350
22
  0
DICTIONARY
  5
11
330
A
100
AcDbDictionary
281
1
  0
ACDBDICTIONARYWDFLT
  5
12
330
A
100
AcDbDictionary
281
1
  3
Normal
350
13
100
AcDbDictionaryWithDefault
340
13
  0
DICTIONARY
  5
79
102
{ACAD_REACTORS
330
A
102
}
330
A
100
AcDbDictionary
281
1
  3
A0
350
7A
  3
A1
350
7B
  3
A2
350
7C
  3
A3
350
7D
  3
A4
350
7E
  3
A5
350
7F
  3
A6
350
80
  3
A7
350
81
  3
A8
350
82
  3
A9
350
83
  3
B0
350
84
  3
B1
350
85
  3
B2
350
86
  3
B3
350
87
  3
B4
350
88
  3
B5
350
89
  3
B6
350
8A
  0
DICTIONARY
  5
B3
102
{ACAD_REACTORS
330
A
102
}
330
A
100
AcDbDictionary
281
1
  0
DICTIONARY
  5
15
330
A
100
AcDbDictionary
281
1
  3
Standard
350
A3
  0
DICTIONARY
  5
16
330
A
100
AcDbDictionary
281
1
  3
2dWireframe
350
8F
  3
Basic
350
92
  3
Brighten
350
96
  3
ColorChange
350
9A
  3
Conceptual
350
94
  3
Dim
350
95
  3
EdgeColorOff
350
9D
  3
Facepattern
350
99
  3
Flat
350
8B
  3
FlatWithEdges
350
8C
  3
Gouraud
350
8D
  3
GouraudWithEdges
350
8E
  3
Hidden
350
91
  3
JitterOff
350
9B
  3
Linepattern
350
98
  3
OverhangOff
350
9C
  3
Realistic
350
93
  3
Shaded
350
A2
  3
Shaded with edges
350
A1
  3
Shades of Gray
350
9E
  3
Sketchy
350
9F
  3
Thicken
350
97
  3
Wireframe
350
90
  3
X-Ray
350
A0
  0
XRECORD
  5
202
102
{ACAD_REACTORS
330
A
102
}
330
A
100
AcDbXrecord
280
1
 90
1
330
A3
  0
DICTIONARY
  5
AA
102
{ACAD_REACTORS
330
A
102
}
330
A
100
AcDbDictionary
281
1
  3
CANNOSCALE
350
AB
  3
CMLEADERSTYLE
350
B0
  3
CTABLESTYLE
350
AF
  3
XCLIPFRAME
350
B1
  0
DICTIONARY
  5
2D
330
A
100
AcDbDictionary
280
1
281
1
  3
CREATED_BY_EZDXF
360
2E
  3
WRITTEN_BY_EZDXF
360
78
  0
SORTENTSTABLE
  5
104
102
{ACAD_REACTORS
330
103
102
}
330
103
100
AcDbSortentsTable
330
17
  0
LAYOUT
  5
1E
330
D
100
AcDbPlotSettings
  1

  2
none_device
  4
A3
  6

 40
7.5
 41
20.0
 42
7.5
 43
20.0
 44
420.0
 45
297.0
 46
0.0
 47
0.0
 48
0.0
 49
0.0
140
0.0
141
0.0
142
1.0
143
1.0
 70
0
 72
1
 73
0
 74
5
  7

 75
16
 76
0
 77
2
 78
300
147
1.0
148
0.0
149
0.0
100
AcDbLayout
  1
Layout1
 70
1
 71
1
 10
0.0
 20
0.0
 11
420.0
 21
297.0
 12
0.0
 22
0.0
 32
0.0
 14
1e+20
 24
1e+20
 34
1e+20
 15
-1e+20
 25
-1e+20
 35
-1e+20
146
0.0
 13
0.0
 23
0.0
 33
0.0
 16
1.0
 26
0.0
 36
0.0
 17
0.0
 27
1.0
 37
0.0
 76
1
330
1B
  0
LAYOUT
  5
1A
330
D
100
AcDbPlotSettings
  1

  2
none_device
  4
A3
  6

 40
7.5
 41
20.0
 42
7.5
 43
20.0
 44
420.0
 45
297.0
 46
0.0
 47
0.0
 48
0.0
 49
0.0
140
0.0
141
0.0
142
1.0
143
1.0
 70
1024
 72
1
 73
0
 74
5
  7

 75
16
 76
0
 77
2
 78
300
147
1.0
148
0.0
149
0.0
100
AcDbLayout
  1
Model
 70
1
 71
0
 10
0.0
 20
0.0
 11
420.0
 21
297.0
 12
0.0
 22
0.0
 32
0.0
 14
1e+20
 24
1e+20
 34
1e+20
 15
-1e+20
 25
-1e+20
 35
-1e+20
146
0.0
 13
0.0
 23
0.0
 33
0.0
 16
1.0
 26
0.0
 36
0.0
 17
0.0
 27
1.0
 37
0.0
 76
1
330
17
331
23
  0
MATERIAL
  5
1F
102
{ACAD_REACTORS
330
E
102
}
330
E
100
AcDbMaterial
  1
ByBlock
  2

 70
0
 40
1.0
 71
1
 41
1.0
 91
-1023410177
 42
1.0
 72
1
  3

 73
1
 74
1
 75
1
 44
0.5
 73
0
 45
1.0
 46
1.0
 77
1
  4

 78
1
 79
1
170
1
 48
1.0
171
1
  6

172
1
173
1
174
1
140
1.0
141
1.0
175
1
  7

176
1
177
1
178
1
143
1.0
179
1
  8

270
1
271
1
272
1
145
1.0
146
1.0
273
1
  9

274
1
275
1
276
1
 42
1.0
 72
1
  3

 73
1
 74
1
 75
1
 94
63
  0
MATERIAL
  5
20
102
{ACAD_REACTORS
330
E
102
}
330
E
100
AcDbMaterial
  1
ByLayer
  2

 70
0
 40
1.0
 71
1
 41
1.0
 91
-1023410177
 42
1.0
 72
1
  3

 73
1
 74
1
 75
1
 44
0.5
 73
0
 45
1.0
 46
1.0
 77
1
  4

 78
1
 79
1
170
1
 48
1.0
171
1
  6

172
1
173
1
174
1
140
1.0
141
1.0
175
1
  7

176
1
177
1
178
1
143
1.0
179
1
  8

270
1
271
1
272
1
145
1.0
146
1.0
273
1
  9

274
1
275
1
276
1
 42
1.0
 72
1
  3

 73
1
 74
1
 75
1
 94
63
  0
MATERIAL
  5
21
102
{ACAD_REACTORS
330
E
102
}
330
E
100
AcDbMaterial
  1
Global
  2

 70
0
 40
1.0
 71
1
 41
1.0
 91
-1023410177
 42
1.0
 72
1
  3

 73
1
 74
1
 75
1
 44
0.5
 73
0
 45
1.0
 46
1.0
 77
1
  4

 78
1
 79
1
170
1
 48
1.0
171
1
  6

172
1
173
1
174
1
140
1.0
141
1.0
175
1
  7

176
1
177
1
178
1
143
1.0
179
1
  8

270
1
271
1
272
1
145
1.0
146
1.0
273
1
  9

274
1
275
1
276
1
 42
1.0
 72
1
  3

 73
1
 74
1
 75
1
 94
63
  0
MLEADERSTYLE
  5
2C
102
{ACAD_REACTORS
330
F
102
}
330
F
100
AcDbMLeaderStyle
179
2
170
2
171
1
172
0
 90
2
 40
0.0
 41
0.0
173
1
 91
-1056964608
340
0
 92
-2
290
1
 42
2.0
291
1
 43
8.0
  3
Standard
341
0
 44
4.0
300

342
29
174
1
175
1
176
0
178
1
 93
-1056964608
 45
4.0
292
0
297
0
 46
4.0
293
1
343
0
 94
-1056964608
 47
1.0
 49
1.0
140
1.0
294
1
141
0.0
177
0
142
1.0
295
0
296
0
143
3.75
271
0
272
9
273
9
  0
MLINESTYLE
  5
22
102
{ACAD_REACTORS
330
10
102
}
330
10
100
AcDbMlineStyle
  2
Standard
 70
0
  3

 62
256
 51
90.0
 52
90.0
 71
2
 49
0.5
 62
256
  6
BYLAYER
 49
-0.5
 62
256
  6
BYLAYER
  0
ACDBPLACEHOLDER
  5
13
330
12
  0
SCALE
  5
7A
102
{ACAD_REACTORS
330
79
102
}
330
79
100
AcDbScale
 70
0
300
1:1
140
1.0
141
1.0
290
1
  0
SCALE
  5
7B
102
{ACAD_REACTORS
330
79
102
}
330
79
100
AcDbScale
 70
0
300
1:2
140
1.0
141
2.0
290
0
  0
SCALE
  5
7C
102
{ACAD_REACTORS
330
79
102
}
330
79
100
AcDbScale
 70
0
300
1:4
140
1.0
141
4.0
290
0
  0
SCALE
  5
7D
102
{ACAD_REACTORS
330
79
102
}
330
79
100
AcDbScale
 70
0
300
1:5
140
1.0
141
5.0
290
0
  0
SCALE
  5
7E
102
{ACAD_REACTORS
330
79
102
}
330
79
100
AcDbScale
 70
0
300
1:8
140
1.0
141
8.0
290
0
  0
SCALE
  5
7F
102
{ACAD_REACTORS
330
79
102
}
330
79
100
AcDbScale
 70
0
300
1:10
140
1.0
141
10.0
290
0
  0
SCALE
  5
80
102
{ACAD_REACTORS
330
79
102
}
330
79
100
AcDbScale
 70
0
300
1:16
140
1.0
141
16.0
290
0
  0
SCALE
  5
81
102
{ACAD_REACTORS
330
79
102
}
330
79
100
AcDbScale
 70
0
300
1:20
140
1.0
141
20.0
290
0
  0
SCALE
  5
82
102
{ACAD_REACTORS
330
79
102
}
330
79
100
AcDbScale
 70
0
300
1:30
140
1.0
141
30.0
290
0
  0
SCALE
  5
83
102
{ACAD_REACTORS
330
79
102
}
330
79
100
AcDbScale
 70
0
300
1:40
140
1.0
141
40.0
290
0
  0
SCALE
  5
84
102
{ACAD_REACTORS
330
79
102
}
330
79
100
AcDbScale
 70
0
300
1:50
140
1.0
141
50.0
290
0
  0
SCALE
  5
85
102
{ACAD_REACTORS
330
79
102
}
330
79
100
AcDbScale
 70
0
300
1:100
140
1.0
141
100.0
290
0
  0
SCALE
  5
86
102
{ACAD_REACTORS
330
79
102
}
330
79
100
AcDbScale
 70
0
300
2:1
140
2.0
141
1.0
290
0
  0
SCALE
  5
87
102
{ACAD_REACTORS
330
79
102
}
330
79
100
AcDbScale
 70
0
300
4:1
140
4.0
141
1.0
290
0
  0
SCALE
  5
88
102
{ACAD_REACTORS
330
79
102
}
330
79
100
AcDbScale
 70
0
300
8:1
140
8.0
141
1.0
290
0
  0
SCALE
  5
89
102
{ACAD_REACTORS
330
79
102
}
330
79
100
AcDbScale
 70
0
300
10:1
140
10.0
141
1.0
290
0
  0
SCALE
  5
8A
102
{ACAD_REACTORS
330
79
102
}
330
79
100
AcDbScale
 70
0
300
100:1
140
100.0
141
1.0
290
0
  0
TABLESTYLE
  5
A3
102
{ACAD_XDICTIONARY
360
1D0
102
}
102
{ACAD_REACTORS
330
15
102
}
330
15
100
AcDbTableStyle
  3
Standard
 70
0
 71
0
 40
1.5
 41
1.5
280
0
281
0
  7
Standard
140
4.5
170
2
 62
0
 63
257
283
0
 90
4
 91
0
  1

274
-2
284
1
 64
0
275
-2
285
1
 65
0
276
-2
286
1
 66
0
277
-2
287
1
 67
0
278
-2
288
1
 68
0
279
-2
289
1
 69
0
  7
Standard
140
6.0
170
5
 62
0
 63
257
283
0
 90
4
 91
0
  1

274
-2
284
1
 64
0
275
-2
285
1
 65
0
276
-2
286
1
 66
0
277
-2
287
1
 67
0
278
-2
288
1
 68
0
279
-2
289
1
 69
0
  7
Standard
140
4.5
170
5
 62
0
 63
257
283
0
 90
4
 91
0
  1

274
-2
284
1
 64
0
275
-2
285
1
 65
0
276
-2
286
1
 66
0
277
-2
287
1
 67
0
278
-2
288
1
 68
0
279
-2
289
1
 69
0
  0
VISUALSTYLE
  5
8F
102
{ACAD_XDICTIONARY
360
1D2
102
}
102
{ACAD_REACTORS
330
16
102
}
330
16
100
AcDbVisualStyle
  2
2dWireframe
 70
4
177
2
291
0
 71
0
176
1
 72
2
176
1
 73
0
176
1
 90
0
176
1
 40
0.6
176
1
 41
30.0
176
1
 62
5
 63
7
421
16777215
176
1
 74
1
176
1
 91
4
176
1
 64
7
176
1
 65
257
176
1
 75
1
176
1
175
1
176
1
 42
1.0
176
1
 92
0
176
1
 66
257
176
1
 43
1.0
176
1
 76
1
176
1
 77
6
176
1
 78
2
176
1
 67
7
176
1
 79
5
176
1
170
0
176
1
171
0
176
1
290
0
176
1
 93
1
176
1
 44
0.0
176
1
173
0
176
1
  0
VISUALSTYLE
  5
92
102
{ACAD_XDICTIONARY
360
1D4
102
}
102
{ACAD_REACTORS
330
16
102
}
330
16
100
AcDbVisualStyle
  2
Basic
 70
7
177
2
291
1
 71
1
176
1
 72
0
176
1
 73
1
176
1
 90
0
176
1
 40
0.6
176
1
 41
30.0
176
1
 62
5
 63
7
421
16777215
176
1
 74
0
176
1
 91
4
176
1
 64
7
176
1
 65
257
176
1
 75
1
176
1
175
1
176
1
 42
1.0
176
1
 92
8
176
1
 66
7
176
1
 43
1.0
176
1
 76
1
176
1
 77
6
176
1
 78
2
176
1
 67
7
176
1
 79
5
176
1
170
0
176
1
171
0
176
1
290
0
176
1
 93
1
176
1
 44
0.0
176
1
173
0
176
1
  0
VISUALSTYLE
  5
96
102
{ACAD_XDICTIONARY
360
1D6
102
}
102
{ACAD_REACTORS
330
16
102
}
330
16
100
AcDbVisualStyle
  2
Brighten
 70
12
177
2
291
1
 71
2
176
1
 72
2
176
1
 73
0
176
1
 90
0
176
1
 40
0.6
176
1
 41
30.0
176
1
 62
5
 63
7
421
16777215
176
1
 74
1
176
1
 91
4
176
1
 64
7
176
1
 65
257
176
1
 75
1
176
1
175
1
176
1
 42
1.0
176
1
 92
8
176
1
 66
7
176
1
 43
1.0
176
1
 76
1
176
1
 77
6
176
1
 78
2
176
1
 67
7
176
1
 79
5
176
1
170
0
176
1
171
0
176
1
290
0
176
1
 93
1
176
1
 44
50.0
176
1
173
0
176
1
  0
VISUALSTYLE
  5
9A
102
{ACAD_XDICTIONARY
360
1D8
102
}
102
{ACAD_REACTORS
330
16
102
}
330
16
100
AcDbVisualStyle
  2
ColorChange
 70
16
177
2
291
1
 71
2
176
1
 72
2
176
1
 73
3
176
1
 90
0
176
1
 40
0.6
176
1
 41
30.0
176
1
 62
5
 63
8
421
8421504
176
1
 74
1
176
1
 91
4
176
1
 64
7
176
1
 65
257
176
1
 75
1
176
1
175
1
176
1
 42
1.0
176
1
 92
8
176
1
 66
8
424
8421504
176
1
 43
1.0
176
1
 76
1
176
1
 77
6
176
1
 78
2
176
1
 67
7
176
1
 79
5
176
1
170
0
176
1
171
0
176
1
290
0
176
1
 93
1
176
1
 44
0.0
176
1
173
0
176
1
  0
VISUALSTYLE
  5
94
102
{ACAD_XDICTIONARY
360
1DA
102
}
102
{ACAD_REACTORS
330
16
102
}
330
16
100
AcDbVisualStyle
  2
Conceptual
 70
9
177
2
291
0
 71
3
176
1
 72
2
176
1
 73
0
176
1
 90
0
176
1
 40
0.6
176
1
 41
30.0
176
1
 62
5
 63
7
421
16777215
176
1
 74
2
176
1
 91
2
176
1
 64
7
176
1
 65
257
176
1
 75
1
176
1
175
1
176
1
 42
179.0
176
1
 92
8
176
1
 66
7
176
1
 43
1.0
176
1
 76
1
176
1
 77
6
176
1
 78
2
176
1
 67
7
176
1
 79
3
176
1
170
0
176
1
171
0
176
1
290
0
176
1
 93
1
176
1
 44
0.0
176
1
173
0
176
1
  0
VISUALSTYLE
  5
95
102
{ACAD_XDICTIONARY
360
1DC
102
}
102
{ACAD_REACTORS
330
16
102
}
330
16
100
AcDbVisualStyle
  2
Dim
 70
11
177
2
291
1
 71
2
176
1
 72
2
176
1
 73
0
176
1
 90
0
176
1
 40
0.6
176
1
 41
30.0
176
1
 62
5
 63
7
421
16777215
176
1
 74
1
176
1
 91
4
176
1
 64
7
176
1
 65
257
176
1
 75
1
176
1
175
1
176
1
 42
1.0
176
1
 92
8
176
1
 66
7
176
1
 43
1.0
176
1
 76
1
176
1
 77
6
176
1
 78
2
176
1
 67
7
176
1
 79
5
176
1
170
0
176
1
171
0
176
1
290
0
176
1
 93
1
176
1
 44
-50.0
176
1
173
0
176
1
  0
VISUALSTYLE
  5
9D
102
{ACAD_XDICTIONARY
360
1DE
102
}
102
{ACAD_REACTORS
330
16
102
}
330
16
100
AcDbVisualStyle
  2
EdgeColorOff
 70
22
177
2
291
1
 71
2
176
0
 72
2
176
0
 73
0
176
0
 90
0
176
0
 40
0.6
176
0
 41
30.0
176
0
 62
5
 63
7
421
16777215
176
0
 74
1
176
0
 91
4
176
0
 64
7
176
0
 65
257
176
0
 75
1
176
0
175
1
176
0
 42
1.0
176
0
 92
8
176
2
 66
7
176
0
 43
1.0
176
0
 76
1
176
0
 77
6
176
0
 78
2
176
0
 67
7
176
0
 79
5
176
0
170
0
176
0
171
0
176
0
290
0
176
0
 93
1
176
0
 44
0.0
176
0
173
0
176
0
  0
VISUALSTYLE
  5
99
102
{ACAD_XDICTIONARY
360
1E0
102
}
102
{ACAD_REACTORS
330
16
102
}
330
16
100
AcDbVisualStyle
  2
Facepattern
 70
15
177
2
291
1
 71
2
176
1
 72
2
176
1
 73
0
176
1
 90
0
176
1
 40
0.6
176
1
 41
30.0
176
1
 62
5
 63
7
421
16777215
176
1
 74
1
176
1
 91
4
176
1
 64
7
176
1
 65
257
176
1
 75
1
176
1
175
1
176
1
 42
1.0
176
1
 92
8
176
1
 66
7
176
1
 43
1.0
176
1
 76
1
176
1
 77
6
176
1
 78
2
176
1
 67
7
176
1
 79
5
176
1
170
0
176
1
171
0
176
1
290
0
176
1
 93
1
176
1
 44
0.0
176
1
173
0
176
1
  0
VISUALSTYLE
  5
8B
102
{ACAD_XDICTIONARY
360
1E2
102
}
102
{ACAD_REACTORS
330
16
102
}
330
16
100
AcDbVisualStyle
  2
Flat
 70
0
177
2
291
1
 71
2
176
1
 72
1
176
1
 73
1
176
1
 90
2
176
1
 40
0.6
176
1
 41
30.0
176
1
 62
5
 63
7
421
16777215
176
1
 74
0
176
1
 91
0
176
1
 64
7
176
1
 65
257
176
1
 75
1
176
1
175
1
176
1
 42
1.0
176
1
 92
8
176
1
 66
7
176
1
 43
1.0
176
1
 76
1
176
1
 77
6
176
1
 78
2
176
1
 67
7
176
1
 79
5
176
1
170
0
176
1
171
0
176
1
290
0
176
1
 93
13
176
1
 44
0.0
176
1
173
0
176
1
  0
VISUALSTYLE
  5
8C
102
{ACAD_XDICTIONARY
360
1E4
102
}
102
{ACAD_REACTORS
330
16
102
}
330
16
100
AcDbVisualStyle
  2
FlatWithEdges
 70
1
177
2
291
1
 71
2
176
1
 72
1
176
1
 73
1
176
1
 90
2
176
1
 40
0.6
176
1
 41
30.0
176
1
 62
5
 63
7
421
16777215
176
1
 74
1
176
1
 91
0
176
1
 64
7
176
1
 65
257
176
1
 75
1
176
1
175
1
176
1
 42
1.0
176
1
 92
0
176
1
 66
257
176
1
 43
1.0
176
1
 76
1
176
1
 77
6
176
1
 78
2
176
1
 67
7
176
1
 79
5
176
1
170
0
176
1
171
0
176
1
290
0
176
1
 93
13
176
1
 44
0.0
176
1
173
0
176
1
  0
VISUALSTYLE
  5
8D
102
{ACAD_XDICTIONARY
360
1E6
102
}
102
{ACAD_REACTORS
330
16
102
}
330
16
100
AcDbVisualStyle
  2
Gouraud
 70
2
177
2
291
1
 71
2
176
1
 72
2
176
1
 73
1
176
1
 90
2
176
1
 40
0.6
176
1
 41
30.0
176
1
 62
5
 63
7
421
16777215
176
1
 74
0
176
1
 91
0
176
1
 64
7
176
1
 65
257
176
1
 75
1
176
1
175
1
176
1
 42
1.0
176
1
 92
0
176
1
 66
7
176
1
 43
1.0
176
1
 76
1
176
1
 77
6
176
1
 78
2
176
1
 67
7
176
1
 79
5
176
1
170
0
176
1
171
0
176
1
290
0
176
1
 93
13
176
1
 44
0.0
176
1
173
0
176
1
  0
VISUALSTYLE
  5
8E
102
{ACAD_XDICTIONARY
360
1E8
102
}
102
{ACAD_REACTORS
330
16
102
}
330
16
100
AcDbVisualStyle
  2
GouraudWithEdges
 70
3
177
2
291
1
 71
2
176
1
 72
2
176
1
 73
1
176
1
 90
2
176
1
 40
0.6
176
1
 41
30.0
176
1
 62
5
 63
7
421
16777215
176
1
 74
1
176
1
 91
0
176
1
 64
7
176
1
 65
257
176
1
 75
1
176
1
175
1
176
1
 42
1.0
176
1
 92
0
176
1
 66
257
176
1
 43
1.0
176
1
 76
1
176
1
 77
6
176
1
 78
2
176
1
 67
7
176
1
 79
5
176
1
170
0
176
1
171
0
176
1
290
0
176
1
 93
13
176
1
 44
0.0
176
1
173
0
176
1
  0
VISUALSTYLE
  5
91
102
{ACAD_XDICTIONARY
360
1EA
102
}
102
{ACAD_REACTORS
330
16
102
}
330
16
100
AcDbVisualStyle
  2
Hidden
 70
6
177
2
291
0
 71
1
176
1
 72
2
176
1
 73
2
176
1
 90
0
176
1
 40
0.6
176
1
 41
30.0
176
1
 62
5
 63
7
421
16777215
176
1
 74
2
176
1
 91
2
176
1
 64
7
176
1
 65
257
176
1
 75
2
176
1
175
1
176
1
 42
40.0
176
1
 92
0
176
1
 66
257
176
1
 43
1.0
176
1
 76
1
176
1
 77
6
176
1
 78
2
176
1
 67
7
176
1
 79
3
176
1
170
0
176
1
171
0
176
1
290
0
176
1
 93
1
176
1
 44
0.0
176
1
173
0
176
1
  0
VISUALSTYLE
  5
9B
102
{ACAD_XDICTIONARY
360
1EC
102
}
102
{ACAD_REACTORS
330
16
102
}
330
16
100
AcDbVisualStyle
  2
JitterOff
 70
20
177
2
291
1
 71
2
176
0
 72
2
176
0
 73
0
176
0
 90
0
176
0
 40
0.6
176
0
 41
30.0
176
0
 62
5
 63
7
421
16777215
176
0
 74
1
176
0
 91
4
176
0
 64
7
176
0
 65
257
176
0
 75
1
176
0
175
1
176
0
 42
1.0
176
0
 92
10
176
2
 66
7
176
0
 43
1.0
176
0
 76
1
176
0
 77
6
176
0
 78
2
176
0
 67
7
176
0
 79
5
176
0
170
0
176
0
171
0
176
0
290
0
176
0
 93
1
176
0
 44
0.0
176
0
173
0
176
0
  0
VISUALSTYLE
  5
98
102
{ACAD_XDICTIONARY
360
1EE
102
}
102
{ACAD_REACTORS
330
16
102
}
330
16
100
AcDbVisualStyle
  2
Linepattern
 70
14
177
2
291
1
 71
2
176
1
 72
2
176
1
 73
0
176
1
 90
0
176
1
 40
0.6
176
1
 41
30.0
176
1
 62
5
 63
7
421
16777215
176
1
 74
1
176
1
 91
4
176
1
 64
7
176
1
 65
257
176
1
 75
7
176
1
175
7
176
1
 42
1.0
176
1
 92
8
176
1
 66
7
176
1
 43
1.0
176
1
 76
1
176
1
 77
6
176
1
 78
2
176
1
 67
7
176
1
 79
5
176
1
170
0
176
1
171
0
176
1
290
0
176
1
 93
1
176
1
 44
0.0
176
1
173
0
176
1
  0
VISUALSTYLE
  5
9C
102
{ACAD_XDICTIONARY
360
1F0
102
}
102
{ACAD_REACTORS
330
16
102
}
330
16
100
AcDbVisualStyle
  2
OverhangOff
 70
21
177
2
291
1
 71
2
176
0
 72
2
176
0
 73
0
176
0
 90
0
176
0
 40
0.6
176
0
 41
30.0
176
0
 62
5
 63
7
421
16777215
176
0
 74
1
176
0
 91
4
176
0
 64
7
176
0
 65
257
176
0
 75
1
176
0
175
1
176
0
 42
1.0
176
0
 92
9
176
2
 66
7
176
0
 43
1.0
176
0
 76
1
176
0
 77
6
176
0
 78
2
176
0
 67
7
176
0
 79
5
176
0
170
0
176
0
171
0
176
0
290
0
176
0
 93
1
176
0
 44
0.0
176
0
173
0
176
0
  0
VISUALSTYLE
  5
93
102
{ACAD_XDICTIONARY
360
1F2
102
}
102
{ACAD_REACTORS
330
16
102
}
330
16
100
AcDbVisualStyle
  2
Realistic
 70
8
177
2
291
0
 71
2
176
1
 72
3
176
1
 73
0
176
1
 90
2
176
1
 40
0.6
176
1
 41
30.0
176
1
 62
5
 63
7
421
16777215
176
1
 74
0
176
1
 91
0
176
1
 64
7
176
1
 65
257
176
1
 75
1
176
1
175
1
176
1
 42
1.0
176
1
 92
8
176
1
 66
257
176
1
 43
1.0
176
1
 76
1
176
1
 77
6
176
1
 78
2
176
1
 67
7
176
1
 79
3
176
1
170
0
176
1
171
0
176
1
290
0
176
1
 93
13
176
1
 44
0.0
176
1
173
0
176
1
  0
VISUALSTYLE
  5
A2
102
{ACAD_XDICTIONARY
360
1F4
102
}
102
{ACAD_REACTORS
330
16
102
}
330
16
100
AcDbVisualStyle
  2
Shaded
 70
27
177
2
291
0
 71
2
176
1
 72
2
176
1
 73
1
176
1
 90
2
176
1
 40
0.6
176
1
 41
30.0
176
1
 62
5
 63
7
421
16777215
176
1
 74
0
176
1
 91
4
176
1
 64
7
176
1
 65
257
176
1
 75
1
176
1
175
1
176
1
 42
1.0
176
1
 92
8
176
1
 66
257
176
1
 43
1.0
176
1
 76
1
176
1
 77
6
176
1
 78
2
176
1
 67
8
425
7895160
176
1
 79
3
176
1
170
0
176
1
171
0
176
1
290
0
176
1
 93
5
176
1
 44
0.0
176
1
173
0
176
1
  0
VISUALSTYLE
  5
A1
102
{ACAD_XDICTIONARY
360
1F6
102
}
102
{ACAD_REACTORS
330
16
102
}
330
16
100
AcDbVisualStyle
  2
Shaded with edges
 70
26
177
2
291
0
 71
2
176
1
 72
2
176
1
 73
1
176
1
 90
2
176
1
 40
0.6
176
1
 41
30.0
176
1
 62
5
 63
7
421
16777215
176
1
 74
1
176
1
 91
10
176
1
 64
7
176
1
 65
257
176
1
 75
2
176
1
175
1
176
1
 42
1.0
176
1
 92
8
176
1
 66
257
176
1
 43
1.0
176
1
 76
1
176
1
 77
6
176
1
 78
2
176
1
 67
7
176
1
 79
3
176
1
170
0
176
1
171
0
176
1
290
0
176
1
 93
5
176
1
 44
0.0
176
1
173
0
176
1
  0
VISUALSTYLE
  5
9E
102
{ACAD_XDICTIONARY
360
1F8
102
}
102
{ACAD_REACTORS
330
16
102
}
330
16
100
AcDbVisualStyle
  2
Shades of Gray
 70
23
177
2
291
0
 71
2
176
1
 72
2
176
1
 73
3
176
1
 90
0
176
1
 40
0.6
176
1
 41
30.0
176
1
 62
5
 63
7
421
16777215
176
1
 74
2
176
1
 91
2
176
1
 64
7
176
1
 65
7
176
1
 75
1
176
1
175
1
176
1
 42
40.0
176
1
 92
8
176
1
 66
7
176
1
 43
1.0
176
1
 76
1
176
1
 77
6
176
1
 78
2
176
1
 67
7
176
1
 79
3
176
1
170
0
176
1
171
0
176
1
290
0
176
1
 93
1
176
1
 44
0.0
176
1
173
0
176
1
  0
VISUALSTYLE
  5
9F
102
{ACAD_XDICTIONARY
360
1FA
102
}
102
{ACAD_REACTORS
330
16
102
}
330
16
100
AcDbVisualStyle
  2
Sketchy
 70
24
177
2
291
0
 71
1
176
1
 72
2
176
1
 73
2
176
1
 90
0
176
1
 40
0.6
176
1
 41
30.0
176
1
 62
5
 63
7
421
16777215
176
1
 74
2
176
1
 91
2
176
1
 64
7
176
1
 65
7
176
1
 75
1
176
1
175
1
176
1
 42
40.0
176
1
 92
11
176
1
 66
7
176
1
 43
1.0
176
1
 76
1
176
1
 77
6
176
1
 78
2
176
1
 67
7
176
1
 79
6
176
1
170
0
176
1
171
0
176
1
290
0
176
1
 93
1
176
1
 44
0.0
176
1
173
0
176
1
  0
VISUALSTYLE
  5
97
102
{ACAD_XDICTIONARY
360
1FC
102
}
102
{ACAD_REACTORS
330
16
102
}
330
16
100
AcDbVisualStyle
  2
Thicken
 70
13
177
2
291
1
 71
2
176
1
 72
2
176
1
 73
0
176
1
 90
0
176
1
 40
0.6
176
1
 41
30.0
176
1
 62
5
 63
7
421
16777215
176
1
 74
1
176
1
 91
4
176
1
 64
7
176
1
 65
257
176
1
 75
1
176
1
175
1
176
1
 42
1.0
176
1
 92
12
176
1
 66
7
176
1
 43
1.0
176
1
 76
1
176
1
 77
6
176
1
 78
2
176
1
 67
7
176
1
 79
5
176
1
170
0
176
1
171
0
176
1
290
0
176
1
 93
1
176
1
 44
0.0
176
1
173
0
176
1
  0
VISUALSTYLE
  5
90
102
{ACAD_XDICTIONARY
360
1FE
102
}
102
{ACAD_REACTORS
330
16
102
}
330
16
100
AcDbVisualStyle
  2
Wireframe
 70
5
177
2
291
0
 71
0
176
1
 72
2
176
1
 73
0
176
1
 90
0
176
1
 40
0.6
176
1
 41
30.0
176
1
 62
5
 63
7
421
16777215
176
1
 74
1
176
1
 91
4
176
1
 64
7
176
1
 65
257
176
1
 75
1
176
1
175
1
176
1
 42
1.0
176
1
 92
0
176
1
 66
257
176
1
 43
1.0
176
1
 76
1
176
1
 77
6
176
1
 78
2
176
1
 67
7
176
1
 79
3
176
1
170
0
176
1
171
0
176
1
290
0
176
1
 93
1
176
1
 44
0.0
176
1
173
0
176
1
  0
VISUALSTYLE
  5
A0
102
{ACAD_XDICTIONARY
360
200
102
}
102
{ACAD_REACTORS
330
16
102
}
330
16
100
AcDbVisualStyle
  2
X-Ray
 70
25
177
2
291
0
 71
2
176
1
 72
2
176
1
 73
1
176
1
 90
1
176
1
 40
0.5
176
1
 41
30.0
176
1
 62
5
 63
7
421
16777215
176
1
 74
1
176
1
 91
0
176
1
 64
7
176
1
 65
257
176
1
 75
1
176
1
175
1
176
1
 42
1.0
176
1
 92
8
176
1
 66
7
176
1
 43
1.0
176
1
 76
1
176
1
 77
6
176
1
 78
2
176
1
 67
7
176
1
 79
3
176
1
170
0
176
1
171
0
176
1
290
0
176
1
 93
13
176
1
 44
0.0
176
1
173
0
176
1
  0
DICTIONARYVAR
  5
AB
102
{ACAD_REACTORS
330
AA
102
}
330
AA
100
DictionaryVariables
280
0
  1
1:1
  0
DICTIONARYVAR
  5
B0
102
{ACAD_REACTORS
330
AA
102
}
330
AA
100
DictionaryVariables
280
0
  1
Standard
  0
DICTIONARYVAR
  5
AF
102
{ACAD_REACTORS
330
AA
102
}
330
AA
100
DictionaryVariables
280
0
  1
Standard
  0
DICTIONARYVAR
  5
B1
102
{ACAD_REACTORS
330
AA
102
}
330
AA
100
DictionaryVariables
280
0
  1
1
  0
DICTIONARYVAR
  5
2E
330
2D
100
DictionaryVariables
280
0
  1
1.4.4 @ 2026-10-04T14:34:35.903596+00:00
  0
DICTIONARYVAR
  5
78
330
2D
100
DictionaryVariables
280
0
  1
1.4.4 @ 2026-10-04T21:12:03.650668+00:00
  0
DICTIONARY
  5
1D0
330
A3
100
AcDbDictionary
280
1
281
1
  3
ACAD_ROUNDTRIP_2008_TABLESTYLE_CELLSTYLEMAP
360
1D1
  0
DICTIONARY
  5
1D2
330
8F
100
AcDbDictionary
280
1
281
1
  3
ACAD_XREC_ROUNDTRIP
360
1D3
  0
DICTIONARY
  5
1D4
330
92
100
AcDbDictionary
280
1
281
1
  3
ACAD_XREC_ROUNDTRIP
360
1D5
  0
DICTIONARY
  5
1D6
330
96
100
AcDbDictionary
280
1
281
1
  3
ACAD_XREC_ROUNDTRIP
360
1D7
  0
DICTIONARY
  5
1D8
330
9A
100
AcDbDictionary
280
1
281
1
  3
ACAD_XREC_ROUNDTRIP
360
1D9
  0
DICTIONARY
  5
1DA
330
94
100
AcDbDictionary
280
1
281
1
  3
ACAD_XREC_ROUNDTRIP
360
1DB
  0
DICTIONARY
  5
1DC
330
95
100
AcDbDictionary
280
1
281
1
  3
ACAD_XREC_ROUNDTRIP
360
1DD
  0
DICTIONARY
  5
1DE
330
9D
100
AcDbDictionary
280
1
281
1
  3
ACAD_XREC_ROUNDTRIP
360
1DF
  0
DICTIONARY
  5
1E0
330
99
100
AcDbDictionary
280
1
281
1
  3
ACAD_XREC_ROUNDTRIP
360
1E1
  0
DICTIONARY
  5
1E2
330
8B
100
AcDbDictionary
280
1
281
1
  3
ACAD_XREC_ROUNDTRIP
360
1E3
  0
DICTIONARY
  5
1E4
330
8C
100
AcDbDictionary
280
1
281
1
  3
ACAD_XREC_ROUNDTRIP
360
1E5
  0
DICTIONARY
  5
1E6
330
8D
100
AcDbDictionary
280
1
281
1
  3
ACAD_XREC_ROUNDTRIP
360
1E7
  0
DICTIONARY
  5
1E8
330
8E
100
AcDbDictionary
280
1
281
1
  3
ACAD_XREC_ROUNDTRIP
360
1E9
  0
DICTIONARY
  5
1EA
330
91
100
AcDbDictionary
280
1
281
1
  3
ACAD_XREC_ROUNDTRIP
360
1EB
  0
DICTIONARY
  5
1EC
330
9B
100
AcDbDictionary
280
1
281
1
  3
ACAD_XREC_ROUNDTRIP
360
1ED
  0
DICTIONARY
  5
1EE
330
98
100
AcDbDictionary
280
1
281
1
  3
ACAD_XREC_ROUNDTRIP
360
1EF
  0
DICTIONARY
  5
1F0
330
9C
100
AcDbDictionary
280
1
281
1
  3
ACAD_XREC_ROUNDTRIP
360
1F1
  0
DICTIONARY
  5
1F2
330
93
100
AcDbDictionary
280
1
281
1
  3
ACAD_XREC_ROUNDTRIP
360
1F3
  0
DICTIONARY
  5
1F4
330
A2
100
AcDbDictionary
280
1
281
1
  3
ACAD_XREC_ROUNDTRIP
360
1F5
  0
DICTIONARY
  5
1F6
330
A1
100
AcDbDictionary
280
1
281
1
  3
ACAD_XREC_ROUNDTRIP
360
1F7
  0
DICTIONARY
  5
1F8
330
9E
100
AcDbDictionary
280
1
281
1
  3
ACAD_XREC_ROUNDTRIP
360
1F9
  0
DICTIONARY
  5
1FA
330
9F
100
AcDbDictionary
280
1
281
1
  3
ACAD_XREC_ROUNDTRIP
360
1FB
  0
DICTIONARY
  5
1FC
330
97
100
AcDbDictionary
280
1
281
1
  3
ACAD_XREC_ROUNDTRIP
360
1FD
  0
DICTIONARY
  5
1FE
330
90
100
AcDbDictionary
280
1
281
1
  3
ACAD_XREC_ROUNDTRIP
360
1FF
  0
DICTIONARY
  5
200
330
A0
100
AcDbDictionary
280
1
281
1
  3
ACAD_XREC_ROUNDTRIP
360
201
  0
CELLSTYLEMAP
  5
1D1
102
{ACAD_REACTORS
330
1D0
102
}
330
1D0
100
AcDbCellStyleMap
 90
3
300
CELLSTYLE
  1
TABLEFORMAT_BEGIN
 90
5
170
1
 91
0
 92
32768
 62
257
 93
1
300
CONTENTFORMAT
  1
CONTENTFORMAT_BEGIN
 90
0
 91
0
 92
4
 93
0
300

 40
0.0
140
1.0
 94
5
 62
0
340
29
144
6.0
309
CONTENTFORMAT_END
171
1
301
MARGIN
  1
CELLMARGIN_BEGIN
 40
1.5
 40
1.5
 40
1.5
 40
1.5
 40
1.5
 40
1.5
309
CELLMARGIN_END
 94
6
 95
1
302
GRIDFORMAT
  1
GRIDFORMAT_BEGIN
 90
0
 91
1
 62
0
 92
-2
340
24
 93
0
 40
0.045
309
GRIDFORMAT_END
 95
2
302
GRIDFORMAT
  1
GRIDFORMAT_BEGIN
 90
0
 91
1
 62
0
 92
-2
340
24
 93
0
 40
0.045
309
GRIDFORMAT_END
 95
4
302
GRIDFORMAT
  1
GRIDFORMAT_BEGIN
 90
0
 91
1
 62
0
 92
-2
340
24
 93
0
 40
0.045
309
GRIDFORMAT_END
 95
8
302
GRIDFORMAT
  1
GRIDFORMAT_BEGIN
 90
0
 91
1
 62
0
 92
-2
340
24
 93
0
 40
0.045
309
GRIDFORMAT_END
 95
16
302
GRIDFORMAT
  1
GRIDFORMAT_BEGIN
 90
0
 91
1
 62
0
 92
-2
340
24
 93
0
 40
0.045
309
GRIDFORMAT_END
 95
32
302
GRIDFORMAT
  1
GRIDFORMAT_BEGIN
 90
0
 91
1
 62
0
 92
-2
340
24
 93
0
 40
0.045
309
GRIDFORMAT_END
309
TABLEFORMAT_END
  1
CELLSTYLE_BEGIN
 90
1
 91
1
300
_TITLE
309
CELLSTYLE_END
300
CELLSTYLE
  1
TABLEFORMAT_BEGIN
 90
5
170
1
 91
0
 92
0
 62
257
 93
1
300
CONTENTFORMAT
  1
CONTENTFORMAT_BEGIN
 90
0
 91
0
 92
4
 93
0
300

 40
0.0
140
1.0
 94
5
 62
0
340
29
144
4.5
309
CONTENTFORMAT_END
171
1
301
MARGIN
  1
CELLMARGIN_BEGIN
 40
1.5
 40
1.5
 40
1.5
 40
1.5
 40
1.5
 40
1.5
309
CELLMARGIN_END
 94
6
 95
1
302
GRIDFORMAT
  1
GRIDFORMAT_BEGIN
 90
0
 91
1
 62
0
 92
-2
340
24
 93
0
 40
0.045
309
GRIDFORMAT_END
 95
2
302
GRIDFORMAT
  1
GRIDFORMAT_BEGIN
 90
0
 91
1
 62
0
 92
-2
340
24
 93
0
 40
0.045
309
GRIDFORMAT_END
 95
4
302
GRIDFORMAT
  1
GRIDFORMAT_BEGIN
 90
0
 91
1
 62
0
 92
-2
340
24
 93
0
 40
0.045
309
GRIDFORMAT_END
 95
8
302
GRIDFORMAT
  1
GRIDFORMAT_BEGIN
 90
0
 91
1
 62
0
 92
-2
340
24
 93
0
 40
0.045
309
GRIDFORMAT_END
 95
16
302
GRIDFORMAT
  1
GRIDFORMAT_BEGIN
 90
0
 91
1
 62
0
 92
-2
340
24
 93
0
 40
0.045
309
GRIDFORMAT_END
 95
32
302
GRIDFORMAT
  1
GRIDFORMAT_BEGIN
 90
0
 91
1
 62
0
 92
-2
340
24
 93
0
 40
0.045
309
GRIDFORMAT_END
309
TABLEFORMAT_END
  1
CELLSTYLE_BEGIN
 90
2
 91
1
300
_HEADER
309
CELLSTYLE_END
300
CELLSTYLE
  1
TABLEFORMAT_BEGIN
 90
5
170
1
 91
0
 92
0
 62
257
 93
1
300
CONTENTFORMAT
  1
CONTENTFORMAT_BEGIN
 90
0
 91
0
 92
4
 93
0
300

 40
0.0
140
1.0
 94
2
 62
0
340
29
144
4.5
309
CONTENTFORMAT_END
171
1
301
MARGIN
  1
CELLMARGIN_BEGIN
 40
1.5
 40
1.5
 40
1.5
 40
1.5
 40
1.5
 40
1.5
309
CELLMARGIN_END
 94
6
 95
1
302
GRIDFORMAT
  1
GRIDFORMAT_BEGIN
 90
0
 91
1
 62
0
 92
-2
340
24
 93
0
 40
0.045
309
GRIDFORMAT_END
 95
2
302
GRIDFORMAT
  1
GRIDFORMAT_BEGIN
 90
0
 91
1
 62
0
 92
-2
340
24
 93
0
 40
0.045
309
GRIDFORMAT_END
 95
4
302
GRIDFORMAT
  1
GRIDFORMAT_BEGIN
 90
0
 91
1
 62
0
 92
-2
340
24
 93
0
 40
0.045
309
GRIDFORMAT_END
 95
8
302
GRIDFORMAT
  1
GRIDFORMAT_BEGIN
 90
0
 91
1
 62
0
 92
-2
340
24
 93
0
 40
0.045
309
GRIDFORMAT_END
 95
16
302
GRIDFORMAT
  1
GRIDFORMAT_BEGIN
 90
0
 91
1
 62
0
 92
-2
340
24
 93
0
 40
0.045
309
GRIDFORMAT_END
 95
32
302
GRIDFORMAT
  1
GRIDFORMAT_BEGIN
 90
0
 91
1
 62
0
 92
-2
340
24
 93
0
 40
0.045
309
GRIDFORMAT_END
309
TABLEFORMAT_END
  1
CELLSTYLE_BEGIN
 90
3
 91
2
300
_DATA
309
CELLSTYLE_END
  0
XRECORD
  5
1D3
102
{ACAD_REACTORS
330
1D2
102
}
330
1D2
100
AcDbXrecord
280
1
102
RTVSPost2010Prop28
280
1
102
RTVSPost2010PropOp28
 70
1
102
RTVSPost2010Prop29
280
1
102
RTVSPost2010PropOp29
 70
1
102
RTVSPost2010Prop30
280
0
102
RTVSPost2010PropOp30
 70
1
102
RTVSPost2010Prop31
280
0
102
RTVSPost2010PropOp31
 70
1
102
RTVSPost2010Prop32
280
0
102
RTVSPost2010PropOp32
 70
1
102
RTVSPost2010Prop33
280
0
102
RTVSPost2010PropOp33
 70
1
102
RTVSPost2010Prop34
280
0
102
RTVSPost2010PropOp34
 70
1
102
RTVSPost2010Prop35
280
0
102
RTVSPost2010PropOp35
 70
1
102
RTVSPost2010Prop36
280
0
102
RTVSPost2010PropOp36
 70
1
102
RTVSPost2010Prop37
 90
50
102
RTVSPost2010PropOp37
 70
1
102
RTVSPost2010Prop38
140
0.0
102
RTVSPost2010PropOp38
 70
1
102
RTVSPost2010Prop39
140
1.0
102
RTVSPost2010PropOp39
 70
1
102
RTVSPost2010Prop40
 90
0
102
RTVSPost2010PropOp40
 70
1
102
RTVSPost2010Prop41ColorIndex
 90
18
102
RTVSPost2010Prop41ColorRGB
 90
0
102
RTVSPost2010PropOp41
 70
1
102
RTVSPost2010Prop42
 90
50
102
RTVSPost2010PropOp42
 70
1
102
RTVSPost2010Prop43
 90
3
102
RTVSPost2010PropOp43
 70
1
102
RTVSPost2010Prop44ColorIndex
 90
5
102
RTVSPost2010Prop44ColorRGB
 90
255
102
RTVSPost2010PropOp44
 70
1
102
RTVSPost2010Prop45
280
0
102
RTVSPost2010PropOp45
 70
1
102
RTVSPost2010Prop46
 90
50
102
RTVSPost2010PropOp46
 70
1
102
RTVSPost2010Prop47
 90
50
102
RTVSPost2010PropOp47
 70
1
102
RTVSPost2010Prop48
 90
50
102
RTVSPost2010PropOp48
 70
1
102
RTVSPost2010Prop49
280
0
102
RTVSPost2010PropOp49
 70
1
102
RTVSPost2010Prop50
 90
50
102
RTVSPost2010PropOp50
 70
1
102
RTVSPost2010Prop51ColorIndex
 90
256
102
RTVSPost2010Prop51ColorRGB
 90
-16777216
102
RTVSPost2010PropOp51
 70
0
102
RTVSPost2010Prop52
140
1.0
102
RTVSPost2010PropOp52
 70
0
102
RTVSPost2010Prop53
 90
2
102
RTVSPost2010PropOp53
 70
1
102
RTVSPost2010Prop54
  1
strokes_ogs.tif
102
RTVSPost2010PropOp54
 70
1
102
RTVSPost2010Prop55
280
0
102
RTVSPost2010PropOp55
 70
1
102
RTVSPost2010Prop56
140
1.0
102
RTVSPost2010PropOp56
 70
1
102
RTVSPost2010Prop57
140
1.0
102
RTVSPost2010PropOp57
 70
1
  0
XRECORD
  5
1D5
102
{ACAD_REACTORS
330
1D4
102
}
330
1D4
100
AcDbXrecord
280
1
102
RTVSPost2010Prop28
280
0
102
RTVSPost2010PropOp28
 70
1
102
RTVSPost2010Prop29
280
1
102
RTVSPost2010PropOp29
 70
1
102
RTVSPost2010Prop30
280
1
102
RTVSPost2010PropOp30
 70
1
102
RTVSPost2010Prop31
280
0
102
RTVSPost2010PropOp31
 70
1
102
RTVSPost2010Prop32
280
0
102
RTVSPost2010PropOp32
 70
1
102
RTVSPost2010Prop33
280
0
102
RTVSPost2010PropOp33
 70
1
102
RTVSPost2010Prop34
280
0
102
RTVSPost2010PropOp34
 70
1
102
RTVSPost2010Prop35
280
0
102
RTVSPost2010PropOp35
 70
1
102
RTVSPost2010Prop36
280
0
102
RTVSPost2010PropOp36
 70
1
102
RTVSPost2010Prop37
 90
50
102
RTVSPost2010PropOp37
 70
1
102
RTVSPost2010Prop38
140
0.0
102
RTVSPost2010PropOp38
 70
1
102
RTVSPost2010Prop39
140
1.0
102
RTVSPost2010PropOp39
 70
1
102
RTVSPost2010Prop40
 90
0
102
RTVSPost2010PropOp40
 70
1
102
RTVSPost2010Prop41ColorIndex
 90
18
102
RTVSPost2010Prop41ColorRGB
 90
0
102
RTVSPost2010PropOp41
 70
1
102
RTVSPost2010Prop42
 90
50
102
RTVSPost2010PropOp42
 70
1
102
RTVSPost2010Prop43
 90
3
102
RTVSPost2010PropOp43
 70
1
102
RTVSPost2010Prop44ColorIndex
 90
5
102
RTVSPost2010Prop44ColorRGB
 90
255
102
RTVSPost2010PropOp44
 70
1
102
RTVSPost2010Prop45
280
0
102
RTVSPost2010PropOp45
 70
1
102
RTVSPost2010Prop46
 90
50
102
RTVSPost2010PropOp46
 70
1
102
RTVSPost2010Prop47
 90
50
102
RTVSPost2010PropOp47
 70
1
102
RTVSPost2010Prop48
 90
50
102
RTVSPost2010PropOp48
 70
1
102
RTVSPost2010Prop49
280
0
102
RTVSPost2010PropOp49
 70
1
102
RTVSPost2010Prop50
 90
50
102
RTVSPost2010PropOp50
 70
1
102
RTVSPost2010Prop51ColorIndex
 90
256
102
RTVSPost2010Prop51ColorRGB
 90
-16777216
102
RTVSPost2010PropOp51
 70
0
102
RTVSPost2010Prop52
140
1.0
102
RTVSPost2010PropOp52
 70
0
102
RTVSPost2010Prop53
 90
2
102
RTVSPost2010PropOp53
 70
1
102
RTVSPost2010Prop54
  1
strokes_ogs.tif
102
RTVSPost2010PropOp54
 70
1
102
RTVSPost2010Prop55
280
0
102
RTVSPost2010PropOp55
 70
1
102
RTVSPost2010Prop56
140
1.0
102
RTVSPost2010PropOp56
 70
1
102
RTVSPost2010Prop57
140
1.0
102
RTVSPost2010PropOp57
 70
1
  0
XRECORD
  5
1D7
102
{ACAD_REACTORS
330
1D6
102
}
330
1D6
100
AcDbXrecord
280
1
102
RTVSPost2010Prop28
280
0
102
RTVSPost2010PropOp28
 70
1
102
RTVSPost2010Prop29
280
1
102
RTVSPost2010PropOp29
 70
1
102
RTVSPost2010Prop30
280
1
102
RTVSPost2010PropOp30
 70
1
102
RTVSPost2010Prop31
280
0
102
RTVSPost2010PropOp31
 70
1
102
RTVSPost2010Prop32
280
0
102
RTVSPost2010PropOp32
 70
1
102
RTVSPost2010Prop33
280
0
102
RTVSPost2010PropOp33
 70
1
102
RTVSPost2010Prop34
280
0
102
RTVSPost2010PropOp34
 70
1
102
RTVSPost2010Prop35
280
0
102
RTVSPost2010PropOp35
 70
1
102
RTVSPost2010Prop36
280
0
102
RTVSPost2010PropOp36
 70
1
102
RTVSPost2010Prop37
 90
50
102
RTVSPost2010PropOp37
 70
1
102
RTVSPost2010Prop38
140
0.0
102
RTVSPost2010PropOp38
 70
1
102
RTVSPost2010Prop39
140
1.0
102
RTVSPost2010PropOp39
 70
1
102
RTVSPost2010Prop40
 90
0
102
RTVSPost2010PropOp40
 70
1
102
RTVSPost2010Prop41ColorIndex
 90
18
102
RTVSPost2010Prop41ColorRGB
 90
0
102
RTVSPost2010PropOp41
 70
1
102
RTVSPost2010Prop42
 90
50
102
RTVSPost2010PropOp42
 70
1
102
RTVSPost2010Prop43
 90
3
102
RTVSPost2010PropOp43
 70
1
102
RTVSPost2010Prop44ColorIndex
 90
5
102
RTVSPost2010Prop44ColorRGB
 90
255
102
RTVSPost2010PropOp44
 70
1
102
RTVSPost2010Prop45
280
0
102
RTVSPost2010PropOp45
 70
1
102
RTVSPost2010Prop46
 90
50
102
RTVSPost2010PropOp46
 70
1
102
RTVSPost2010Prop47
 90
50
102
RTVSPost2010PropOp47
 70
1
102
RTVSPost2010Prop48
 90
50
102
RTVSPost2010PropOp48
 70
1
102
RTVSPost2010Prop49
280
0
102
RTVSPost2010PropOp49
 70
1
102
RTVSPost2010Prop50
 90
50
102
RTVSPost2010PropOp50
 70
1
102
RTVSPost2010Prop51ColorIndex
 90
256
102
RTVSPost2010Prop51ColorRGB
 90
-16777216
102
RTVSPost2010PropOp51
 70
0
102
RTVSPost2010Prop52
140
1.0
102
RTVSPost2010PropOp52
 70
0
102
RTVSPost2010Prop53
 90
2
102
RTVSPost2010PropOp53
 70
1
102
RTVSPost2010Prop54
  1
strokes_ogs.tif
102
RTVSPost2010PropOp54
 70
1
102
RTVSPost2010Prop55
280
0
102
RTVSPost2010PropOp55
 70
1
102
RTVSPost2010Prop56
140
1.0
102
RTVSPost2010PropOp56
 70
1
102
RTVSPost2010Prop57
140
1.0
102
RTVSPost2010PropOp57
 70
1
  0
XRECORD
  5
1D9
102
{ACAD_REACTORS
330
1D8
102
}
330
1D8
100
AcDbXrecord
280
1
102
RTVSPost2010Prop28
280
0
102
RTVSPost2010PropOp28
 70
1
102
RTVSPost2010Prop29
280
1
102
RTVSPost2010PropOp29
 70
1
102
RTVSPost2010Prop30
280
1
102
RTVSPost2010PropOp30
 70
1
102
RTVSPost2010Prop31
280
0
102
RTVSPost2010PropOp31
 70
1
102
RTVSPost2010Prop32
280
0
102
RTVSPost2010PropOp32
 70
1
102
RTVSPost2010Prop33
280
0
102
RTVSPost2010PropOp33
 70
1
102
RTVSPost2010Prop34
280
0
102
RTVSPost2010PropOp34
 70
1
102
RTVSPost2010Prop35
280
0
102
RTVSPost2010PropOp35
 70
1
102
RTVSPost2010Prop36
280
0
102
RTVSPost2010PropOp36
 70
1
102
RTVSPost2010Prop37
 90
50
102
RTVSPost2010PropOp37
 70
1
102
RTVSPost2010Prop38
140
0.0
102
RTVSPost2010PropOp38
 70
1
102
RTVSPost2010Prop39
140
1.0
102
RTVSPost2010PropOp39
 70
1
102
RTVSPost2010Prop40
 90
0
102
RTVSPost2010PropOp40
 70
1
102
RTVSPost2010Prop41ColorIndex
 90
18
102
RTVSPost2010Prop41ColorRGB
 90
0
102
RTVSPost2010PropOp41
 70
1
102
RTVSPost2010Prop42
 90
50
102
RTVSPost2010PropOp42
 70
1
102
RTVSPost2010Prop43
 90
3
102
RTVSPost2010PropOp43
 70
1
102
RTVSPost2010Prop44ColorIndex
 90
5
102
RTVSPost2010Prop44ColorRGB
 90
255
102
RTVSPost2010PropOp44
 70
1
102
RTVSPost2010Prop45
280
0
102
RTVSPost2010PropOp45
 70
1
102
RTVSPost2010Prop46
 90
50
102
RTVSPost2010PropOp46
 70
1
102
RTVSPost2010Prop47
 90
50
102
RTVSPost2010PropOp47
 70
1
102
RTVSPost2010Prop48
 90
50
102
RTVSPost2010PropOp48
 70
1
102
RTVSPost2010Prop49
280
0
102
RTVSPost2010PropOp49
 70
1
102
RTVSPost2010Prop50
 90
50
102
RTVSPost2010PropOp50
 70
1
102
RTVSPost2010Prop51ColorIndex
 90
256
102
RTVSPost2010Prop51ColorRGB
 90
-16777216
102
RTVSPost2010PropOp51
 70
0
102
RTVSPost2010Prop52
140
1.0
102
RTVSPost2010PropOp52
 70
0
102
RTVSPost2010Prop53
 90
2
102
RTVSPost2010PropOp53
 70
1
102
RTVSPost2010Prop54
  1
strokes_ogs.tif
102
RTVSPost2010PropOp54
 70
1
102
RTVSPost2010Prop55
280
0
102
RTVSPost2010PropOp55
 70
1
102
RTVSPost2010Prop56
140
1.0
102
RTVSPost2010PropOp56
 70
1
102
RTVSPost2010Prop57
140
1.0
102
RTVSPost2010PropOp57
 70
1
  0
XRECORD
  5
1DB
102
{ACAD_REACTORS
330
1DA
102
}
330
1DA
100
AcDbXrecord
280
1
102
RTVSPost2010Prop28
280
0
102
RTVSPost2010PropOp28
 70
1
102
RTVSPost2010Prop29
280
1
102
RTVSPost2010PropOp29
 70
1
102
RTVSPost2010Prop30
280
1
102
RTVSPost2010PropOp30
 70
1
102
RTVSPost2010Prop31
280
0
102
RTVSPost2010PropOp31
 70
1
102
RTVSPost2010Prop32
280
0
102
RTVSPost2010PropOp32
 70
1
102
RTVSPost2010Prop33
280
0
102
RTVSPost2010PropOp33
 70
1
102
RTVSPost2010Prop34
280
0
102
RTVSPost2010PropOp34
 70
1
102
RTVSPost2010Prop35
280
0
102
RTVSPost2010PropOp35
 70
1
102
RTVSPost2010Prop36
280
0
102
RTVSPost2010PropOp36
 70
1
102
RTVSPost2010Prop37
 90
50
102
RTVSPost2010PropOp37
 70
1
102
RTVSPost2010Prop38
140
0.0
102
RTVSPost2010PropOp38
 70
1
102
RTVSPost2010Prop39
140
1.0
102
RTVSPost2010PropOp39
 70
1
102
RTVSPost2010Prop40
 90
0
102
RTVSPost2010PropOp40
 70
1
102
RTVSPost2010Prop41ColorIndex
 90
18
102
RTVSPost2010Prop41ColorRGB
 90
0
102
RTVSPost2010PropOp41
 70
1
102
RTVSPost2010Prop42
 90
50
102
RTVSPost2010PropOp42
 70
1
102
RTVSPost2010Prop43
 90
3
102
RTVSPost2010PropOp43
 70
1
102
RTVSPost2010Prop44ColorIndex
 90
5
102
RTVSPost2010Prop44ColorRGB
 90
255
102
RTVSPost2010PropOp44
 70
1
102
RTVSPost2010Prop45
280
0
102
RTVSPost2010PropOp45
 70
1
102
RTVSPost2010Prop46
 90
50
102
RTVSPost2010PropOp46
 70
1
102
RTVSPost2010Prop47
 90
50
102
RTVSPost2010PropOp47
 70
1
102
RTVSPost2010Prop48
 90
50
102
RTVSPost2010PropOp48
 70
1
102
RTVSPost2010Prop49
280
0
102
RTVSPost2010PropOp49
 70
1
102
RTVSPost2010Prop50
 90
50
102
RTVSPost2010PropOp50
 70
1
102
RTVSPost2010Prop51ColorIndex
 90
256
102
RTVSPost2010Prop51ColorRGB
 90
-16777216
102
RTVSPost2010PropOp51
 70
0
102
RTVSPost2010Prop52
140
1.0
102
RTVSPost2010PropOp52
 70
0
102
RTVSPost2010Prop53
 90
2
102
RTVSPost2010PropOp53
 70
1
102
RTVSPost2010Prop54
  1
strokes_ogs.tif
102
RTVSPost2010PropOp54
 70
1
102
RTVSPost2010Prop55
280
0
102
RTVSPost2010PropOp55
 70
1
102
RTVSPost2010Prop56
140
1.0
102
RTVSPost2010PropOp56
 70
1
102
RTVSPost2010Prop57
140
1.0
102
RTVSPost2010PropOp57
 70
1
  0
XRECORD
  5
1DD
102
{ACAD_REACTORS
330
1DC
102
}
330
1DC
100
AcDbXrecord
280
1
102
RTVSPost2010Prop28
280
0
102
RTVSPost2010PropOp28
 70
1
102
RTVSPost2010Prop29
280
1
102
RTVSPost2010PropOp29
 70
1
102
RTVSPost2010Prop30
280
1
102
RTVSPost2010PropOp30
 70
1
102
RTVSPost2010Prop31
280
0
102
RTVSPost2010PropOp31
 70
1
102
RTVSPost2010Prop32
280
0
102
RTVSPost2010PropOp32
 70
1
102
RTVSPost2010Prop33
280
0
102
RTVSPost2010PropOp33
 70
1
102
RTVSPost2010Prop34
280
0
102
RTVSPost2010PropOp34
 70
1
102
RTVSPost2010Prop35
280
0
102
RTVSPost2010PropOp35
 70
1
102
RTVSPost2010Prop36
280
0
102
RTVSPost2010PropOp36
 70
1
102
RTVSPost2010Prop37
 90
50
102
RTVSPost2010PropOp37
 70
1
102
RTVSPost2010Prop38
140
0.0
102
RTVSPost2010PropOp38
 70
1
102
RTVSPost2010Prop39
140
1.0
102
RTVSPost2010PropOp39
 70
1
102
RTVSPost2010Prop40
 90
0
102
RTVSPost2010PropOp40
 70
1
102
RTVSPost2010Prop41ColorIndex
 90
18
102
RTVSPost2010Prop41ColorRGB
 90
0
102
RTVSPost2010PropOp41
 70
1
102
RTVSPost2010Prop42
 90
50
102
RTVSPost2010PropOp42
 70
1
102
RTVSPost2010Prop43
 90
3
102
RTVSPost2010PropOp43
 70
1
102
RTVSPost2010Prop44ColorIndex
 90
5
102
RTVSPost2010Prop44ColorRGB
 90
255
102
RTVSPost2010PropOp44
 70
1
102
RTVSPost2010Prop45
280
0
102
RTVSPost2010PropOp45
 70
1
102
RTVSPost2010Prop46
 90
50
102
RTVSPost2010PropOp46
 70
1
102
RTVSPost2010Prop47
 90
50
102
RTVSPost2010PropOp47
 70
1
102
RTVSPost2010Prop48
 90
50
102
RTVSPost2010PropOp48
 70
1
102
RTVSPost2010Prop49
280
0
102
RTVSPost2010PropOp49
 70
1
102
RTVSPost2010Prop50
 90
50
102
RTVSPost2010PropOp50
 70
1
102
RTVSPost2010Prop51ColorIndex
 90
256
102
RTVSPost2010Prop51ColorRGB
 90
-16777216
102
RTVSPost2010PropOp51
 70
0
102
RTVSPost2010Prop52
140
1.0
102
RTVSPost2010PropOp52
 70
0
102
RTVSPost2010Prop53
 90
2
102
RTVSPost2010PropOp53
 70
1
102
RTVSPost2010Prop54
  1
strokes_ogs.tif
102
RTVSPost2010PropOp54
 70
1
102
RTVSPost2010Prop55
280
0
102
RTVSPost2010PropOp55
 70
1
102
RTVSPost2010Prop56
140
1.0
102
RTVSPost2010PropOp56
 70
1
102
RTVSPost2010Prop57
140
1.0
102
RTVSPost2010PropOp57
 70
1
  0
XRECORD
  5
1DF
102
{ACAD_REACTORS
330
1DE
102
}
330
1DE
100
AcDbXrecord
280
1
102
RTVSPost2010Prop28
280
0
102
RTVSPost2010PropOp28
 70
0
102
RTVSPost2010Prop29
280
1
102
RTVSPost2010PropOp29
 70
0
102
RTVSPost2010Prop30
280
1
102
RTVSPost2010PropOp30
 70
0
102
RTVSPost2010Prop31
280
0
102
RTVSPost2010PropOp31
 70
0
102
RTVSPost2010Prop32
280
0
102
RTVSPost2010PropOp32
 70
0
102
RTVSPost2010Prop33
280
0
102
RTVSPost2010PropOp33
 70
0
102
RTVSPost2010Prop34
280
0
102
RTVSPost2010PropOp34
 70
0
102
RTVSPost2010Prop35
280
0
102
RTVSPost2010PropOp35
 70
0
102
RTVSPost2010Prop36
280
0
102
RTVSPost2010PropOp36
 70
0
102
RTVSPost2010Prop37
 90
50
102
RTVSPost2010PropOp37
 70
0
102
RTVSPost2010Prop38
140
0.0
102
RTVSPost2010PropOp38
 70
0
102
RTVSPost2010Prop39
140
1.0
102
RTVSPost2010PropOp39
 70
0
102
RTVSPost2010Prop40
 90
0
102
RTVSPost2010PropOp40
 70
0
102
RTVSPost2010Prop41ColorIndex
 90
18
102
RTVSPost2010Prop41ColorRGB
 90
0
102
RTVSPost2010PropOp41
 70
0
102
RTVSPost2010Prop42
 90
50
102
RTVSPost2010PropOp42
 70
0
102
RTVSPost2010Prop43
 90
3
102
RTVSPost2010PropOp43
 70
0
102
RTVSPost2010Prop44ColorIndex
 90
5
102
RTVSPost2010Prop44ColorRGB
 90
255
102
RTVSPost2010PropOp44
 70
0
102
RTVSPost2010Prop45
280
0
102
RTVSPost2010PropOp45
 70
0
102
RTVSPost2010Prop46
 90
50
102
RTVSPost2010PropOp46
 70
0
102
RTVSPost2010Prop47
 90
50
102
RTVSPost2010PropOp47
 70
0
102
RTVSPost2010Prop48
 90
50
102
RTVSPost2010PropOp48
 70
0
102
RTVSPost2010Prop49
280
0
102
RTVSPost2010PropOp49
 70
0
102
RTVSPost2010Prop50
 90
50
102
RTVSPost2010PropOp50
 70
0
102
RTVSPost2010Prop51ColorIndex
 90
256
102
RTVSPost2010Prop51ColorRGB
 90
-16777216
102
RTVSPost2010PropOp51
 70
0
102
RTVSPost2010Prop52
140
1.0
102
RTVSPost2010PropOp52
 70
0
102
RTVSPost2010Prop53
 90
2
102
RTVSPost2010PropOp53
 70
0
102
RTVSPost2010Prop54
  1
strokes_ogs.tif
102
RTVSPost2010PropOp54
 70
0
102
RTVSPost2010Prop55
280
0
102
RTVSPost2010PropOp55
 70
0
102
RTVSPost2010Prop56
140
1.0
102
RTVSPost2010PropOp56
 70
0
102
RTVSPost2010Prop57
140
1.0
102
RTVSPost2010PropOp57
 70
0
  0
XRECORD
  5
1E1
102
{ACAD_REACTORS
330
1E0
102
}
330
1E0
100
AcDbXrecord
280
1
102
RTVSPost2010Prop28
280
0
102
RTVSPost2010PropOp28
 70
1
102
RTVSPost2010Prop29
280
1
102
RTVSPost2010PropOp29
 70
1
102
RTVSPost2010Prop30
280
1
102
RTVSPost2010PropOp30
 70
1
102
RTVSPost2010Prop31
280
0
102
RTVSPost2010PropOp31
 70
1
102
RTVSPost2010Prop32
280
0
102
RTVSPost2010PropOp32
 70
1
102
RTVSPost2010Prop33
280
0
102
RTVSPost2010PropOp33
 70
1
102
RTVSPost2010Prop34
280
0
102
RTVSPost2010PropOp34
 70
1
102
RTVSPost2010Prop35
280
0
102
RTVSPost2010PropOp35
 70
1
102
RTVSPost2010Prop36
280
0
102
RTVSPost2010PropOp36
 70
1
102
RTVSPost2010Prop37
 90
50
102
RTVSPost2010PropOp37
 70
1
102
RTVSPost2010Prop38
140
0.0
102
RTVSPost2010PropOp38
 70
1
102
RTVSPost2010Prop39
140
1.0
102
RTVSPost2010PropOp39
 70
1
102
RTVSPost2010Prop40
 90
0
102
RTVSPost2010PropOp40
 70
1
102
RTVSPost2010Prop41ColorIndex
 90
18
102
RTVSPost2010Prop41ColorRGB
 90
0
102
RTVSPost2010PropOp41
 70
1
102
RTVSPost2010Prop42
 90
50
102
RTVSPost2010PropOp42
 70
1
102
RTVSPost2010Prop43
 90
3
102
RTVSPost2010PropOp43
 70
1
102
RTVSPost2010Prop44ColorIndex
 90
5
102
RTVSPost2010Prop44ColorRGB
 90
255
102
RTVSPost2010PropOp44
 70
1
102
RTVSPost2010Prop45
280
0
102
RTVSPost2010PropOp45
 70
1
102
RTVSPost2010Prop46
 90
50
102
RTVSPost2010PropOp46
 70
1
102
RTVSPost2010Prop47
 90
50
102
RTVSPost2010PropOp47
 70
1
102
RTVSPost2010Prop48
 90
50
102
RTVSPost2010PropOp48
 70
1
102
RTVSPost2010Prop49
280
0
102
RTVSPost2010PropOp49
 70
1
102
RTVSPost2010Prop50
 90
50
102
RTVSPost2010PropOp50
 70
1
102
RTVSPost2010Prop51ColorIndex
 90
256
102
RTVSPost2010Prop51ColorRGB
 90
-16777216
102
RTVSPost2010PropOp51
 70
0
102
RTVSPost2010Prop52
140
1.0
102
RTVSPost2010PropOp52
 70
0
102
RTVSPost2010Prop53
 90
2
102
RTVSPost2010PropOp53
 70
1
102
RTVSPost2010Prop54
  1
strokes_ogs.tif
102
RTVSPost2010PropOp54
 70
1
102
RTVSPost2010Prop55
280
0
102
RTVSPost2010PropOp55
 70
1
102
RTVSPost2010Prop56
140
1.0
102
RTVSPost2010PropOp56
 70
1
102
RTVSPost2010Prop57
140
1.0
102
RTVSPost2010PropOp57
 70
1
  0
XRECORD
  5
1E3
102
{ACAD_REACTORS
330
1E2
102
}
330
1E2
100
AcDbXrecord
280
1
102
RTVSPost2010Prop28
280
0
102
RTVSPost2010PropOp28
 70
1
102
RTVSPost2010Prop29
280
1
102
RTVSPost2010PropOp29
 70
1
102
RTVSPost2010Prop30
280
1
102
RTVSPost2010PropOp30
 70
1
102
RTVSPost2010Prop31
280
0
102
RTVSPost2010PropOp31
 70
1
102
RTVSPost2010Prop32
280
0
102
RTVSPost2010PropOp32
 70
1
102
RTVSPost2010Prop33
280
0
102
RTVSPost2010PropOp33
 70
1
102
RTVSPost2010Prop34
280
0
102
RTVSPost2010PropOp34
 70
1
102
RTVSPost2010Prop35
280
0
102
RTVSPost2010PropOp35
 70
1
102
RTVSPost2010Prop36
280
0
102
RTVSPost2010PropOp36
 70
1
102
RTVSPost2010Prop37
 90
50
102
RTVSPost2010PropOp37
 70
1
102
RTVSPost2010Prop38
140
0.0
102
RTVSPost2010PropOp38
 70
1
102
RTVSPost2010Prop39
140
1.0
102
RTVSPost2010PropOp39
 70
1
102
RTVSPost2010Prop40
 90
0
102
RTVSPost2010PropOp40
 70
1
102
RTVSPost2010Prop41ColorIndex
 90
18
102
RTVSPost2010Prop41ColorRGB
 90
0
102
RTVSPost2010PropOp41
 70
1
102
RTVSPost2010Prop42
 90
50
102
RTVSPost2010PropOp42
 70
1
102
RTVSPost2010Prop43
 90
3
102
RTVSPost2010PropOp43
 70
1
102
RTVSPost2010Prop44ColorIndex
 90
5
102
RTVSPost2010Prop44ColorRGB
 90
255
102
RTVSPost2010PropOp44
 70
1
102
RTVSPost2010Prop45
280
0
102
RTVSPost2010PropOp45
 70
1
102
RTVSPost2010Prop46
 90
50
102
RTVSPost2010PropOp46
 70
1
102
RTVSPost2010Prop47
 90
50
102
RTVSPost2010PropOp47
 70
1
102
RTVSPost2010Prop48
 90
50
102
RTVSPost2010PropOp48
 70
1
102
RTVSPost2010Prop49
280
0
102
RTVSPost2010PropOp49
 70
1
102
RTVSPost2010Prop50
 90
50
102
RTVSPost2010PropOp50
 70
1
102
RTVSPost2010Prop51ColorIndex
 90
256
102
RTVSPost2010Prop51ColorRGB
 90
-16777216
102
RTVSPost2010PropOp51
 70
0
102
RTVSPost2010Prop52
140
1.0
102
RTVSPost2010PropOp52
 70
0
102
RTVSPost2010Prop53
 90
2
102
RTVSPost2010PropOp53
 70
1
102
RTVSPost2010Prop54
  1
strokes_ogs.tif
102
RTVSPost2010PropOp54
 70
1
102
RTVSPost2010Prop55
280
0
102
RTVSPost2010PropOp55
 70
1
102
RTVSPost2010Prop56
140
1.0
102
RTVSPost2010PropOp56
 70
1
102
RTVSPost2010Prop57
140
1.0
102
RTVSPost2010PropOp57
 70
1
  0
XRECORD
  5
1E5
102
{ACAD_REACTORS
330
1E4
102
}
330
1E4
100
AcDbXrecord
280
1
102
RTVSPost2010Prop28
280
0
102
RTVSPost2010PropOp28
 70
1
102
RTVSPost2010Prop29
280
1
102
RTVSPost2010PropOp29
 70
1
102
RTVSPost2010Prop30
280
1
102
RTVSPost2010PropOp30
 70
1
102
RTVSPost2010Prop31
280
0
102
RTVSPost2010PropOp31
 70
1
102
RTVSPost2010Prop32
280
0
102
RTVSPost2010PropOp32
 70
1
102
RTVSPost2010Prop33
280
0
102
RTVSPost2010PropOp33
 70
1
102
RTVSPost2010Prop34
280
0
102
RTVSPost2010PropOp34
 70
1
102
RTVSPost2010Prop35
280
0
102
RTVSPost2010PropOp35
 70
1
102
RTVSPost2010Prop36
280
0
102
RTVSPost2010PropOp36
 70
1
102
RTVSPost2010Prop37
 90
50
102
RTVSPost2010PropOp37
 70
1
102
RTVSPost2010Prop38
140
0.0
102
RTVSPost2010PropOp38
 70
1
102
RTVSPost2010Prop39
140
1.0
102
RTVSPost2010PropOp39
 70
1
102
RTVSPost2010Prop40
 90
0
102
RTVSPost2010PropOp40
 70
1
102
RTVSPost2010Prop41ColorIndex
 90
18
102
RTVSPost2010Prop41ColorRGB
 90
0
102
RTVSPost2010PropOp41
 70
1
102
RTVSPost2010Prop42
 90
50
102
RTVSPost2010PropOp42
 70
1
102
RTVSPost2010Prop43
 90
3
102
RTVSPost2010PropOp43
 70
1
102
RTVSPost2010Prop44ColorIndex
 90
5
102
RTVSPost2010Prop44ColorRGB
 90
255
102
RTVSPost2010PropOp44
 70
1
102
RTVSPost2010Prop45
280
0
102
RTVSPost2010PropOp45
 70
1
102
RTVSPost2010Prop46
 90
50
102
RTVSPost2010PropOp46
 70
1
102
RTVSPost2010Prop47
 90
50
102
RTVSPost2010PropOp47
 70
1
102
RTVSPost2010Prop48
 90
50
102
RTVSPost2010PropOp48
 70
1
102
RTVSPost2010Prop49
280
0
102
RTVSPost2010PropOp49
 70
1
102
RTVSPost2010Prop50
 90
50
102
RTVSPost2010PropOp50
 70
1
102
RTVSPost2010Prop51ColorIndex
 90
256
102
RTVSPost2010Prop51ColorRGB
 90
-16777216
102
RTVSPost2010PropOp51
 70
0
102
RTVSPost2010Prop52
140
1.0
102
RTVSPost2010PropOp52
 70
0
102
RTVSPost2010Prop53
 90
2
102
RTVSPost2010PropOp53
 70
1
102
RTVSPost2010Prop54
  1
strokes_ogs.tif
102
RTVSPost2010PropOp54
 70
1
102
RTVSPost2010Prop55
280
0
102
RTVSPost2010PropOp55
 70
1
102
RTVSPost2010Prop56
140
1.0
102
RTVSPost2010PropOp56
 70
1
102
RTVSPost2010Prop57
140
1.0
102
RTVSPost2010PropOp57
 70
1
  0
XRECORD
  5
1E7
102
{ACAD_REACTORS
330
1E6
102
}
330
1E6
100
AcDbXrecord
280
1
102
RTVSPost2010Prop28
280
0
102
RTVSPost2010PropOp28
 70
1
102
RTVSPost2010Prop29
280
1
102
RTVSPost2010PropOp29
 70
1
102
RTVSPost2010Prop30
280
1
102
RTVSPost2010PropOp30
 70
1
102
RTVSPost2010Prop31
280
0
102
RTVSPost2010PropOp31
 70
1
102
RTVSPost2010Prop32
280
0
102
RTVSPost2010PropOp32
 70
1
102
RTVSPost2010Prop33
280
0
102
RTVSPost2010PropOp33
 70
1
102
RTVSPost2010Prop34
280
0
102
RTVSPost2010PropOp34
 70
1
102
RTVSPost2010Prop35
280
0
102
RTVSPost2010PropOp35
 70
1
102
RTVSPost2010Prop36
280
0
102
RTVSPost2010PropOp36
 70
1
102
RTVSPost2010Prop37
 90
50
102
RTVSPost2010PropOp37
 70
1
102
RTVSPost2010Prop38
140
0.0
102
RTVSPost2010PropOp38
 70
1
102
RTVSPost2010Prop39
140
1.0
102
RTVSPost2010PropOp39
 70
1
102
RTVSPost2010Prop40
 90
0
102
RTVSPost2010PropOp40
 70
1
102
RTVSPost2010Prop41ColorIndex
 90
18
102
RTVSPost2010Prop41ColorRGB
 90
0
102
RTVSPost2010PropOp41
 70
1
102
RTVSPost2010Prop42
 90
50
102
RTVSPost2010PropOp42
 70
1
102
RTVSPost2010Prop43
 90
3
102
RTVSPost2010PropOp43
 70
1
102
RTVSPost2010Prop44ColorIndex
 90
5
102
RTVSPost2010Prop44ColorRGB
 90
255
102
RTVSPost2010PropOp44
 70
1
102
RTVSPost2010Prop45
280
0
102
RTVSPost2010PropOp45
 70
1
102
RTVSPost2010Prop46
 90
50
102
RTVSPost2010PropOp46
 70
1
102
RTVSPost2010Prop47
 90
50
102
RTVSPost2010PropOp47
 70
1
102
RTVSPost2010Prop48
 90
50
102
RTVSPost2010PropOp48
 70
1
102
RTVSPost2010Prop49
280
0
102
RTVSPost2010PropOp49
 70
1
102
RTVSPost2010Prop50
 90
50
102
RTVSPost2010PropOp50
 70
1
102
RTVSPost2010Prop51ColorIndex
 90
256
102
RTVSPost2010Prop51ColorRGB
 90
-16777216
102
RTVSPost2010PropOp51
 70
0
102
RTVSPost2010Prop52
140
1.0
102
RTVSPost2010PropOp52
 70
0
102
RTVSPost2010Prop53
 90
2
102
RTVSPost2010PropOp53
 70
1
102
RTVSPost2010Prop54
  1
strokes_ogs.tif
102
RTVSPost2010PropOp54
 70
1
102
RTVSPost2010Prop55
280
0
102
RTVSPost2010PropOp55
 70
1
102
RTVSPost2010Prop56
140
1.0
102
RTVSPost2010PropOp56
 70
1
102
RTVSPost2010Prop57
140
1.0
102
RTVSPost2010PropOp57
 70
1
  0
XRECORD
  5
1E9
102
{ACAD_REACTORS
330
1E8
102
}
330
1E8
100
AcDbXrecord
280
1
102
RTVSPost2010Prop28
280
0
102
RTVSPost2010PropOp28
 70
1
102
RTVSPost2010Prop29
280
1
102
RTVSPost2010PropOp29
 70
1
102
RTVSPost2010Prop30
280
1
102
RTVSPost2010PropOp30
 70
1
102
RTVSPost2010Prop31
280
0
102
RTVSPost2010PropOp31
 70
1
102
RTVSPost2010Prop32
280
0
102
RTVSPost2010PropOp32
 70
1
102
RTVSPost2010Prop33
280
0
102
RTVSPost2010PropOp33
 70
1
102
RTVSPost2010Prop34
280
0
102
RTVSPost2010PropOp34
 70
1
102
RTVSPost2010Prop35
280
0
102
RTVSPost2010PropOp35
 70
1
102
RTVSPost2010Prop36
280
0
102
RTVSPost2010PropOp36
 70
1
102
RTVSPost2010Prop37
 90
50
102
RTVSPost2010PropOp37
 70
1
102
RTVSPost2010Prop38
140
0.0
102
RTVSPost2010PropOp38
 70
1
102
RTVSPost2010Prop39
140
1.0
102
RTVSPost2010PropOp39
 70
1
102
RTVSPost2010Prop40
 90
0
102
RTVSPost2010PropOp40
 70
1
102
RTVSPost2010Prop41ColorIndex
 90
18
102
RTVSPost2010Prop41ColorRGB
 90
0
102
RTVSPost2010PropOp41
 70
1
102
RTVSPost2010Prop42
 90
50
102
RTVSPost2010PropOp42
 70
1
102
RTVSPost2010Prop43
 90
3
102
RTVSPost2010PropOp43
 70
1
102
RTVSPost2010Prop44ColorIndex
 90
5
102
RTVSPost2010Prop44ColorRGB
 90
255
102
RTVSPost2010PropOp44
 70
1
102
RTVSPost2010Prop45
280
0
102
RTVSPost2010PropOp45
 70
1
102
RTVSPost2010Prop46
 90
50
102
RTVSPost2010PropOp46
 70
1
102
RTVSPost2010Prop47
 90
50
102
RTVSPost2010PropOp47
 70
1
102
RTVSPost2010Prop48
 90
50
102
RTVSPost2010PropOp48
 70
1
102
RTVSPost2010Prop49
280
0
102
RTVSPost2010PropOp49
 70
1
102
RTVSPost2010Prop50
 90
50
102
RTVSPost2010PropOp50
 70
1
102
RTVSPost2010Prop51ColorIndex
 90
256
102
RTVSPost2010Prop51ColorRGB
 90
-16777216
102
RTVSPost2010PropOp51
 70
0
102
RTVSPost2010Prop52
140
1.0
102
RTVSPost2010PropOp52
 70
0
102
RTVSPost2010Prop53
 90
2
102
RTVSPost2010PropOp53
 70
1
102
RTVSPost2010Prop54
  1
strokes_ogs.tif
102
RTVSPost2010PropOp54
 70
1
102
RTVSPost2010Prop55
280
0
102
RTVSPost2010PropOp55
 70
1
102
RTVSPost2010Prop56
140
1.0
102
RTVSPost2010PropOp56
 70
1
102
RTVSPost2010Prop57
140
1.0
102
RTVSPost2010PropOp57
 70
1
  0
XRECORD
  5
1EB
102
{ACAD_REACTORS
330
1EA
102
}
330
1EA
100
AcDbXrecord
280
1
102
RTVSPost2010Prop28
280
0
102
RTVSPost2010PropOp28
 70
1
102
RTVSPost2010Prop29
280
1
102
RTVSPost2010PropOp29
 70
1
102
RTVSPost2010Prop30
280
1
102
RTVSPost2010PropOp30
 70
1
102
RTVSPost2010Prop31
280
0
102
RTVSPost2010PropOp31
 70
1
102
RTVSPost2010Prop32
280
0
102
RTVSPost2010PropOp32
 70
1
102
RTVSPost2010Prop33
280
0
102
RTVSPost2010PropOp33
 70
1
102
RTVSPost2010Prop34
280
0
102
RTVSPost2010PropOp34
 70
1
102
RTVSPost2010Prop35
280
0
102
RTVSPost2010PropOp35
 70
1
102
RTVSPost2010Prop36
280
0
102
RTVSPost2010PropOp36
 70
1
102
RTVSPost2010Prop37
 90
50
102
RTVSPost2010PropOp37
 70
1
102
RTVSPost2010Prop38
140
0.0
102
RTVSPost2010PropOp38
 70
1
102
RTVSPost2010Prop39
140
1.0
102
RTVSPost2010PropOp39
 70
1
102
RTVSPost2010Prop40
 90
0
102
RTVSPost2010PropOp40
 70
1
102
RTVSPost2010Prop41ColorIndex
 90
18
102
RTVSPost2010Prop41ColorRGB
 90
0
102
RTVSPost2010PropOp41
 70
1
102
RTVSPost2010Prop42
 90
50
102
RTVSPost2010PropOp42
 70
1
102
RTVSPost2010Prop43
 90
3
102
RTVSPost2010PropOp43
 70
1
102
RTVSPost2010Prop44ColorIndex
 90
5
102
RTVSPost2010Prop44ColorRGB
 90
255
102
RTVSPost2010PropOp44
 70
1
102
RTVSPost2010Prop45
280
0
102
RTVSPost2010PropOp45
 70
1
102
RTVSPost2010Prop46
 90
50
102
RTVSPost2010PropOp46
 70
1
102
RTVSPost2010Prop47
 90
50
102
RTVSPost2010PropOp47
 70
1
102
RTVSPost2010Prop48
 90
50
102
RTVSPost2010PropOp48
 70
1
102
RTVSPost2010Prop49
280
0
102
RTVSPost2010PropOp49
 70
1
102
RTVSPost2010Prop50
 90
50
102
RTVSPost2010PropOp50
 70
1
102
RTVSPost2010Prop51ColorIndex
 90
256
102
RTVSPost2010Prop51ColorRGB
 90
-16777216
102
RTVSPost2010PropOp51
 70
0
102
RTVSPost2010Prop52
140
1.0
102
RTVSPost2010PropOp52
 70
0
102
RTVSPost2010Prop53
 90
2
102
RTVSPost2010PropOp53
 70
1
102
RTVSPost2010Prop54
  1
strokes_ogs.tif
102
RTVSPost2010PropOp54
 70
1
102
RTVSPost2010Prop55
280
0
102
RTVSPost2010PropOp55
 70
1
102
RTVSPost2010Prop56
140
1.0
102
RTVSPost2010PropOp56
 70
1
102
RTVSPost2010Prop57
140
1.0
102
RTVSPost2010PropOp57
 70
1
  0
XRECORD
  5
1ED
102
{ACAD_REACTORS
330
1EC
102
}
330
1EC
100
AcDbXrecord
280
1
102
RTVSPost2010Prop28
280
0
102
RTVSPost2010PropOp28
 70
0
102
RTVSPost2010Prop29
280
1
102
RTVSPost2010PropOp29
 70
0
102
RTVSPost2010Prop30
280
1
102
RTVSPost2010PropOp30
 70
0
102
RTVSPost2010Prop31
280
0
102
RTVSPost2010PropOp31
 70
0
102
RTVSPost2010Prop32
280
0
102
RTVSPost2010PropOp32
 70
0
102
RTVSPost2010Prop33
280
0
102
RTVSPost2010PropOp33
 70
0
102
RTVSPost2010Prop34
280
0
102
RTVSPost2010PropOp34
 70
0
102
RTVSPost2010Prop35
280
0
102
RTVSPost2010PropOp35
 70
0
102
RTVSPost2010Prop36
280
0
102
RTVSPost2010PropOp36
 70
0
102
RTVSPost2010Prop37
 90
50
102
RTVSPost2010PropOp37
 70
0
102
RTVSPost2010Prop38
140
0.0
102
RTVSPost2010PropOp38
 70
0
102
RTVSPost2010Prop39
140
1.0
102
RTVSPost2010PropOp39
 70
0
102
RTVSPost2010Prop40
 90
0
102
RTVSPost2010PropOp40
 70
0
102
RTVSPost2010Prop41ColorIndex
 90
18
102
RTVSPost2010Prop41ColorRGB
 90
0
102
RTVSPost2010PropOp41
 70
0
102
RTVSPost2010Prop42
 90
50
102
RTVSPost2010PropOp42
 70
0
102
RTVSPost2010Prop43
 90
3
102
RTVSPost2010PropOp43
 70
0
102
RTVSPost2010Prop44ColorIndex
 90
5
102
RTVSPost2010Prop44ColorRGB
 90
255
102
RTVSPost2010PropOp44
 70
0
102
RTVSPost2010Prop45
280
0
102
RTVSPost2010PropOp45
 70
0
102
RTVSPost2010Prop46
 90
50
102
RTVSPost2010PropOp46
 70
0
102
RTVSPost2010Prop47
 90
50
102
RTVSPost2010PropOp47
 70
0
102
RTVSPost2010Prop48
 90
50
102
RTVSPost2010PropOp48
 70
0
102
RTVSPost2010Prop49
280
0
102
RTVSPost2010PropOp49
 70
0
102
RTVSPost2010Prop50
 90
50
102
RTVSPost2010PropOp50
 70
0
102
RTVSPost2010Prop51ColorIndex
 90
256
102
RTVSPost2010Prop51ColorRGB
 90
-16777216
102
RTVSPost2010PropOp51
 70
0
102
RTVSPost2010Prop52
140
1.0
102
RTVSPost2010PropOp52
 70
0
102
RTVSPost2010Prop53
 90
2
102
RTVSPost2010PropOp53
 70
0
102
RTVSPost2010Prop54
  1
strokes_ogs.tif
102
RTVSPost2010PropOp54
 70
0
102
RTVSPost2010Prop55
280
0
102
RTVSPost2010PropOp55
 70
0
102
RTVSPost2010Prop56
140
1.0
102
RTVSPost2010PropOp56
 70
0
102
RTVSPost2010Prop57
140
1.0
102
RTVSPost2010PropOp57
 70
0
  0
XRECORD
  5
1EF
102
{ACAD_REACTORS
330
1EE
102
}
330
1EE
100
AcDbXrecord
280
1
102
RTVSPost2010Prop28
280
0
102
RTVSPost2010PropOp28
 70
1
102
RTVSPost2010Prop29
280
1
102
RTVSPost2010PropOp29
 70
1
102
RTVSPost2010Prop30
280
1
102
RTVSPost2010PropOp30
 70
1
102
RTVSPost2010Prop31
280
0
102
RTVSPost2010PropOp31
 70
1
102
RTVSPost2010Prop32
280
0
102
RTVSPost2010PropOp32
 70
1
102
RTVSPost2010Prop33
280
0
102
RTVSPost2010PropOp33
 70
1
102
RTVSPost2010Prop34
280
0
102
RTVSPost2010PropOp34
 70
1
102
RTVSPost2010Prop35
280
0
102
RTVSPost2010PropOp35
 70
1
102
RTVSPost2010Prop36
280
0
102
RTVSPost2010PropOp36
 70
1
102
RTVSPost2010Prop37
 90
50
102
RTVSPost2010PropOp37
 70
1
102
RTVSPost2010Prop38
140
0.0
102
RTVSPost2010PropOp38
 70
1
102
RTVSPost2010Prop39
140
1.0
102
RTVSPost2010PropOp39
 70
1
102
RTVSPost2010Prop40
 90
0
102
RTVSPost2010PropOp40
 70
1
102
RTVSPost2010Prop41ColorIndex
 90
18
102
RTVSPost2010Prop41ColorRGB
 90
0
102
RTVSPost2010PropOp41
 70
1
102
RTVSPost2010Prop42
 90
50
102
RTVSPost2010PropOp42
 70
1
102
RTVSPost2010Prop43
 90
3
102
RTVSPost2010PropOp43
 70
1
102
RTVSPost2010Prop44ColorIndex
 90
5
102
RTVSPost2010Prop44ColorRGB
 90
255
102
RTVSPost2010PropOp44
 70
1
102
RTVSPost2010Prop45
280
0
102
RTVSPost2010PropOp45
 70
1
102
RTVSPost2010Prop46
 90
50
102
RTVSPost2010PropOp46
 70
1
102
RTVSPost2010Prop47
 90
50
102
RTVSPost2010PropOp47
 70
1
102
RTVSPost2010Prop48
 90
50
102
RTVSPost2010PropOp48
 70
1
102
RTVSPost2010Prop49
280
0
102
RTVSPost2010PropOp49
 70
1
102
RTVSPost2010Prop50
 90
50
102
RTVSPost2010PropOp50
 70
1
102
RTVSPost2010Prop51ColorIndex
 90
256
102
RTVSPost2010Prop51ColorRGB
 90
-16777216
102
RTVSPost2010PropOp51
 70
0
102
RTVSPost2010Prop52
140
1.0
102
RTVSPost2010PropOp52
 70
0
102
RTVSPost2010Prop53
 90
2
102
RTVSPost2010PropOp53
 70
1
102
RTVSPost2010Prop54
  1
strokes_ogs.tif
102
RTVSPost2010PropOp54
 70
1
102
RTVSPost2010Prop55
280
0
102
RTVSPost2010PropOp55
 70
1
102
RTVSPost2010Prop56
140
1.0
102
RTVSPost2010PropOp56
 70
1
102
RTVSPost2010Prop57
140
1.0
102
RTVSPost2010PropOp57
 70
1
  0
XRECORD
  5
1F1
102
{ACAD_REACTORS
330
1F0
102
}
330
1F0
100
AcDbXrecord
280
1
102
RTVSPost2010Prop28
280
0
102
RTVSPost2010PropOp28
 70
0
102
RTVSPost2010Prop29
280
1
102
RTVSPost2010PropOp29
 70
0
102
RTVSPost2010Prop30
280
1
102
RTVSPost2010PropOp30
 70
0
102
RTVSPost2010Prop31
280
0
102
RTVSPost2010PropOp31
 70
0
102
RTVSPost2010Prop32
280
0
102
RTVSPost2010PropOp32
 70
0
102
RTVSPost2010Prop33
280
0
102
RTVSPost2010PropOp33
 70
0
102
RTVSPost2010Prop34
280
0
102
RTVSPost2010PropOp34
 70
0
102
RTVSPost2010Prop35
280
0
102
RTVSPost2010PropOp35
 70
0
102
RTVSPost2010Prop36
280
0
102
RTVSPost2010PropOp36
 70
0
102
RTVSPost2010Prop37
 90
50
102
RTVSPost2010PropOp37
 70
0
102
RTVSPost2010Prop38
140
0.0
102
RTVSPost2010PropOp38
 70
0
102
RTVSPost2010Prop39
140
1.0
102
RTVSPost2010PropOp39
 70
0
102
RTVSPost2010Prop40
 90
0
102
RTVSPost2010PropOp40
 70
0
102
RTVSPost2010Prop41ColorIndex
 90
18
102
RTVSPost2010Prop41ColorRGB
 90
0
102
RTVSPost2010PropOp41
 70
0
102
RTVSPost2010Prop42
 90
50
102
RTVSPost2010PropOp42
 70
0
102
RTVSPost2010Prop43
 90
3
102
RTVSPost2010PropOp43
 70
0
102
RTVSPost2010Prop44ColorIndex
 90
5
102
RTVSPost2010Prop44ColorRGB
 90
255
102
RTVSPost2010PropOp44
 70
0
102
RTVSPost2010Prop45
280
0
102
RTVSPost2010PropOp45
 70
0
102
RTVSPost2010Prop46
 90
50
102
RTVSPost2010PropOp46
 70
0
102
RTVSPost2010Prop47
 90
50
102
RTVSPost2010PropOp47
 70
0
102
RTVSPost2010Prop48
 90
50
102
RTVSPost2010PropOp48
 70
0
102
RTVSPost2010Prop49
280
0
102
RTVSPost2010PropOp49
 70
0
102
RTVSPost2010Prop50
 90
50
102
RTVSPost2010PropOp50
 70
0
102
RTVSPost2010Prop51ColorIndex
 90
256
102
RTVSPost2010Prop51ColorRGB
 90
-16777216
102
RTVSPost2010PropOp51
 70
0
102
RTVSPost2010Prop52
140
1.0
102
RTVSPost2010PropOp52
 70
0
102
RTVSPost2010Prop53
 90
2
102
RTVSPost2010PropOp53
 70
0
102
RTVSPost2010Prop54
  1
strokes_ogs.tif
102
RTVSPost2010PropOp54
 70
0
102
RTVSPost2010Prop55
280
0
102
RTVSPost2010PropOp55
 70
0
102
RTVSPost2010Prop56
140
1.0
102
RTVSPost2010PropOp56
 70
0
102
RTVSPost2010Prop57
140
1.0
102
RTVSPost2010PropOp57
 70
0
  0
XRECORD
  5
1F3
102
{ACAD_REACTORS
330
1F2
102
}
330
1F2
100
AcDbXrecord
280
1
102
RTVSPost2010Prop28
280
0
102
RTVSPost2010PropOp28
 70
1
102
RTVSPost2010Prop29
280
1
102
RTVSPost2010PropOp29
 70
1
102
RTVSPost2010Prop30
280
1
102
RTVSPost2010PropOp30
 70
1
102
RTVSPost2010Prop31
280
0
102
RTVSPost2010PropOp31
 70
1
102
RTVSPost2010Prop32
280
0
102
RTVSPost2010PropOp32
 70
1
102
RTVSPost2010Prop33
280
0
102
RTVSPost2010PropOp33
 70
1
102
RTVSPost2010Prop34
280
0
102
RTVSPost2010PropOp34
 70
1
102
RTVSPost2010Prop35
280
0
102
RTVSPost2010PropOp35
 70
1
102
RTVSPost2010Prop36
280
0
102
RTVSPost2010PropOp36
 70
1
102
RTVSPost2010Prop37
 90
50
102
RTVSPost2010PropOp37
 70
1
102
RTVSPost2010Prop38
140
0.0
102
RTVSPost2010PropOp38
 70
1
102
RTVSPost2010Prop39
140
1.0
102
RTVSPost2010PropOp39
 70
1
102
RTVSPost2010Prop40
 90
0
102
RTVSPost2010PropOp40
 70
1
102
RTVSPost2010Prop41ColorIndex
 90
18
102
RTVSPost2010Prop41ColorRGB
 90
0
102
RTVSPost2010PropOp41
 70
1
102
RTVSPost2010Prop42
 90
50
102
RTVSPost2010PropOp42
 70
1
102
RTVSPost2010Prop43
 90
3
102
RTVSPost2010PropOp43
 70
1
102
RTVSPost2010Prop44ColorIndex
 90
5
102
RTVSPost2010Prop44ColorRGB
 90
255
102
RTVSPost2010PropOp44
 70
1
102
RTVSPost2010Prop45
280
0
102
RTVSPost2010PropOp45
 70
1
102
RTVSPost2010Prop46
 90
50
102
RTVSPost2010PropOp46
 70
1
102
RTVSPost2010Prop47
 90
50
102
RTVSPost2010PropOp47
 70
1
102
RTVSPost2010Prop48
 90
50
102
RTVSPost2010PropOp48
 70
1
102
RTVSPost2010Prop49
280
0
102
RTVSPost2010PropOp49
 70
1
102
RTVSPost2010Prop50
 90
50
102
RTVSPost2010PropOp50
 70
1
102
RTVSPost2010Prop51ColorIndex
 90
256
102
RTVSPost2010Prop51ColorRGB
 90
-16777216
102
RTVSPost2010PropOp51
 70
0
102
RTVSPost2010Prop52
140
1.0
102
RTVSPost2010PropOp52
 70
0
102
RTVSPost2010Prop53
 90
2
102
RTVSPost2010PropOp53
 70
1
102
RTVSPost2010Prop54
  1
strokes_ogs.tif
102
RTVSPost2010PropOp54
 70
1
102
RTVSPost2010Prop55
280
0
102
RTVSPost2010PropOp55
 70
1
102
RTVSPost2010Prop56
140
1.0
102
RTVSPost2010PropOp56
 70
1
102
RTVSPost2010Prop57
140
1.0
102
RTVSPost2010PropOp57
 70
1
  0
XRECORD
  5
1F5
102
{ACAD_REACTORS
330
1F4
102
}
330
1F4
100
AcDbXrecord
280
1
102
RTVSPost2010Prop28
280
0
102
RTVSPost2010PropOp28
 70
1
102
RTVSPost2010Prop29
280
1
102
RTVSPost2010PropOp29
 70
1
102
RTVSPost2010Prop30
280
1
102
RTVSPost2010PropOp30
 70
1
102
RTVSPost2010Prop31
280
0
102
RTVSPost2010PropOp31
 70
1
102
RTVSPost2010Prop32
280
0
102
RTVSPost2010PropOp32
 70
1
102
RTVSPost2010Prop33
280
0
102
RTVSPost2010PropOp33
 70
1
102
RTVSPost2010Prop34
280
0
102
RTVSPost2010PropOp34
 70
1
102
RTVSPost2010Prop35
280
0
102
RTVSPost2010PropOp35
 70
1
102
RTVSPost2010Prop36
280
0
102
RTVSPost2010PropOp36
 70
1
102
RTVSPost2010Prop37
 90
50
102
RTVSPost2010PropOp37
 70
1
102
RTVSPost2010Prop38
140
0.0
102
RTVSPost2010PropOp38
 70
1
102
RTVSPost2010Prop39
140
1.0
102
RTVSPost2010PropOp39
 70
1
102
RTVSPost2010Prop40
 90
0
102
RTVSPost2010PropOp40
 70
1
102
RTVSPost2010Prop41ColorIndex
 90
18
102
RTVSPost2010Prop41ColorRGB
 90
0
102
RTVSPost2010PropOp41
 70
1
102
RTVSPost2010Prop42
 90
50
102
RTVSPost2010PropOp42
 70
1
102
RTVSPost2010Prop43
 90
3
102
RTVSPost2010PropOp43
 70
1
102
RTVSPost2010Prop44ColorIndex
 90
5
102
RTVSPost2010Prop44ColorRGB
 90
255
102
RTVSPost2010PropOp44
 70
1
102
RTVSPost2010Prop45
280
0
102
RTVSPost2010PropOp45
 70
1
102
RTVSPost2010Prop46
 90
50
102
RTVSPost2010PropOp46
 70
1
102
RTVSPost2010Prop47
 90
50
102
RTVSPost2010PropOp47
 70
1
102
RTVSPost2010Prop48
 90
50
102
RTVSPost2010PropOp48
 70
1
102
RTVSPost2010Prop49
280
0
102
RTVSPost2010PropOp49
 70
1
102
RTVSPost2010Prop50
 90
50
102
RTVSPost2010PropOp50
 70
1
102
RTVSPost2010Prop51ColorIndex
 90
256
102
RTVSPost2010Prop51ColorRGB
 90
-16777216
102
RTVSPost2010PropOp51
 70
0
102
RTVSPost2010Prop52
140
1.0
102
RTVSPost2010PropOp52
 70
0
102
RTVSPost2010Prop53
 90
2
102
RTVSPost2010PropOp53
 70
1
102
RTVSPost2010Prop54
  1
strokes_ogs.tif
102
RTVSPost2010PropOp54
 70
1
102
RTVSPost2010Prop55
280
0
102
RTVSPost2010PropOp55
 70
1
102
RTVSPost2010Prop56
140
1.0
102
RTVSPost2010PropOp56
 70
1
102
RTVSPost2010Prop57
140
1.0
102
RTVSPost2010PropOp57
 70
1
  0
XRECORD
  5
1F7
102
{ACAD_REACTORS
330
1F6
102
}
330
1F6
100
AcDbXrecord
280
1
102
RTVSPost2010Prop28
280
0
102
RTVSPost2010PropOp28
 70
1
102
RTVSPost2010Prop29
280
1
102
RTVSPost2010PropOp29
 70
1
102
RTVSPost2010Prop30
280
1
102
RTVSPost2010PropOp30
 70
1
102
RTVSPost2010Prop31
280
0
102
RTVSPost2010PropOp31
 70
1
102
RTVSPost2010Prop32
280
0
102
RTVSPost2010PropOp32
 70
1
102
RTVSPost2010Prop33
280
0
102
RTVSPost2010PropOp33
 70
1
102
RTVSPost2010Prop34
280
0
102
RTVSPost2010PropOp34
 70
1
102
RTVSPost2010Prop35
280
0
102
RTVSPost2010PropOp35
 70
1
102
RTVSPost2010Prop36
280
0
102
RTVSPost2010PropOp36
 70
1
102
RTVSPost2010Prop37
 90
50
102
RTVSPost2010PropOp37
 70
1
102
RTVSPost2010Prop38
140
0.0
102
RTVSPost2010PropOp38
 70
1
102
RTVSPost2010Prop39
140
1.0
102
RTVSPost2010PropOp39
 70
1
102
RTVSPost2010Prop40
 90
0
102
RTVSPost2010PropOp40
 70
1
102
RTVSPost2010Prop41ColorIndex
 90
18
102
RTVSPost2010Prop41ColorRGB
 90
0
102
RTVSPost2010PropOp41
 70
1
102
RTVSPost2010Prop42
 90
50
102
RTVSPost2010PropOp42
 70
1
102
RTVSPost2010Prop43
 90
3
102
RTVSPost2010PropOp43
 70
1
102
RTVSPost2010Prop44ColorIndex
 90
5
102
RTVSPost2010Prop44ColorRGB
 90
255
102
RTVSPost2010PropOp44
 70
1
102
RTVSPost2010Prop45
280
0
102
RTVSPost2010PropOp45
 70
1
102
RTVSPost2010Prop46
 90
50
102
RTVSPost2010PropOp46
 70
1
102
RTVSPost2010Prop47
 90
50
102
RTVSPost2010PropOp47
 70
1
102
RTVSPost2010Prop48
 90
50
102
RTVSPost2010PropOp48
 70
1
102
RTVSPost2010Prop49
280
0
102
RTVSPost2010PropOp49
 70
1
102
RTVSPost2010Prop50
 90
50
102
RTVSPost2010PropOp50
 70
1
102
RTVSPost2010Prop51ColorIndex
 90
256
102
RTVSPost2010Prop51ColorRGB
 90
-16777216
102
RTVSPost2010PropOp51
 70
0
102
RTVSPost2010Prop52
140
1.0
102
RTVSPost2010PropOp52
 70
0
102
RTVSPost2010Prop53
 90
2
102
RTVSPost2010PropOp53
 70
1
102
RTVSPost2010Prop54
  1
strokes_ogs.tif
102
RTVSPost2010PropOp54
 70
1
102
RTVSPost2010Prop55
280
0
102
RTVSPost2010PropOp55
 70
1
102
RTVSPost2010Prop56
140
1.0
102
RTVSPost2010PropOp56
 70
1
102
RTVSPost2010Prop57
140
1.0
102
RTVSPost2010PropOp57
 70
1
  0
XRECORD
  5
1F9
102
{ACAD_REACTORS
330
1F8
102
}
330
1F8
100
AcDbXrecord
280
1
102
RTVSPost2010Prop28
280
0
102
RTVSPost2010PropOp28
 70
1
102
RTVSPost2010Prop29
280
1
102
RTVSPost2010PropOp29
 70
1
102
RTVSPost2010Prop30
280
1
102
RTVSPost2010PropOp30
 70
1
102
RTVSPost2010Prop31
280
0
102
RTVSPost2010PropOp31
 70
1
102
RTVSPost2010Prop32
280
0
102
RTVSPost2010PropOp32
 70
1
102
RTVSPost2010Prop33
280
0
102
RTVSPost2010PropOp33
 70
1
102
RTVSPost2010Prop34
280
0
102
RTVSPost2010PropOp34
 70
1
102
RTVSPost2010Prop35
280
0
102
RTVSPost2010PropOp35
 70
1
102
RTVSPost2010Prop36
280
0
102
RTVSPost2010PropOp36
 70
1
102
RTVSPost2010Prop37
 90
50
102
RTVSPost2010PropOp37
 70
1
102
RTVSPost2010Prop38
140
0.0
102
RTVSPost2010PropOp38
 70
1
102
RTVSPost2010Prop39
140
1.0
102
RTVSPost2010PropOp39
 70
1
102
RTVSPost2010Prop40
 90
0
102
RTVSPost2010PropOp40
 70
1
102
RTVSPost2010Prop41ColorIndex
 90
18
102
RTVSPost2010Prop41ColorRGB
 90
0
102
RTVSPost2010PropOp41
 70
1
102
RTVSPost2010Prop42
 90
50
102
RTVSPost2010PropOp42
 70
1
102
RTVSPost2010Prop43
 90
3
102
RTVSPost2010PropOp43
 70
1
102
RTVSPost2010Prop44ColorIndex
 90
5
102
RTVSPost2010Prop44ColorRGB
 90
255
102
RTVSPost2010PropOp44
 70
1
102
RTVSPost2010Prop45
280
0
102
RTVSPost2010PropOp45
 70
1
102
RTVSPost2010Prop46
 90
50
102
RTVSPost2010PropOp46
 70
1
102
RTVSPost2010Prop47
 90
50
102
RTVSPost2010PropOp47
 70
1
102
RTVSPost2010Prop48
 90
50
102
RTVSPost2010PropOp48
 70
1
102
RTVSPost2010Prop49
280
0
102
RTVSPost2010PropOp49
 70
1
102
RTVSPost2010Prop50
 90
50
102
RTVSPost2010PropOp50
 70
1
102
RTVSPost2010Prop51ColorIndex
 90
256
102
RTVSPost2010Prop51ColorRGB
 90
-16777216
102
RTVSPost2010PropOp51
 70
0
102
RTVSPost2010Prop52
140
1.0
102
RTVSPost2010PropOp52
 70
0
102
RTVSPost2010Prop53
 90
2
102
RTVSPost2010PropOp53
 70
1
102
RTVSPost2010Prop54
  1
strokes_ogs.tif
102
RTVSPost2010PropOp54
 70
1
102
RTVSPost2010Prop55
280
0
102
RTVSPost2010PropOp55
 70
1
102
RTVSPost2010Prop56
140
1.0
102
RTVSPost2010PropOp56
 70
1
102
RTVSPost2010Prop57
140
1.0
102
RTVSPost2010PropOp57
 70
1
  0
XRECORD
  5
1FB
102
{ACAD_REACTORS
330
1FA
102
}
330
1FA
100
AcDbXrecord
280
1
102
RTVSPost2010Prop28
280
0
102
RTVSPost2010PropOp28
 70
1
102
RTVSPost2010Prop29
280
1
102
RTVSPost2010PropOp29
 70
1
102
RTVSPost2010Prop30
280
1
102
RTVSPost2010PropOp30
 70
1
102
RTVSPost2010Prop31
280
0
102
RTVSPost2010PropOp31
 70
1
102
RTVSPost2010Prop32
280
0
102
RTVSPost2010PropOp32
 70
1
102
RTVSPost2010Prop33
280
0
102
RTVSPost2010PropOp33
 70
1
102
RTVSPost2010Prop34
280
0
102
RTVSPost2010PropOp34
 70
1
102
RTVSPost2010Prop35
280
0
102
RTVSPost2010PropOp35
 70
1
102
RTVSPost2010Prop36
280
0
102
RTVSPost2010PropOp36
 70
1
102
RTVSPost2010Prop37
 90
50
102
RTVSPost2010PropOp37
 70
1
102
RTVSPost2010Prop38
140
0.0
102
RTVSPost2010PropOp38
 70
1
102
RTVSPost2010Prop39
140
1.0
102
RTVSPost2010PropOp39
 70
1
102
RTVSPost2010Prop40
 90
0
102
RTVSPost2010PropOp40
 70
1
102
RTVSPost2010Prop41ColorIndex
 90
18
102
RTVSPost2010Prop41ColorRGB
 90
0
102
RTVSPost2010PropOp41
 70
1
102
RTVSPost2010Prop42
 90
50
102
RTVSPost2010PropOp42
 70
1
102
RTVSPost2010Prop43
 90
3
102
RTVSPost2010PropOp43
 70
1
102
RTVSPost2010Prop44ColorIndex
 90
5
102
RTVSPost2010Prop44ColorRGB
 90
255
102
RTVSPost2010PropOp44
 70
1
102
RTVSPost2010Prop45
280
0
102
RTVSPost2010PropOp45
 70
1
102
RTVSPost2010Prop46
 90
50
102
RTVSPost2010PropOp46
 70
1
102
RTVSPost2010Prop47
 90
50
102
RTVSPost2010PropOp47
 70
1
102
RTVSPost2010Prop48
 90
50
102
RTVSPost2010PropOp48
 70
1
102
RTVSPost2010Prop49
280
0
102
RTVSPost2010PropOp49
 70
1
102
RTVSPost2010Prop50
 90
50
102
RTVSPost2010PropOp50
 70
1
102
RTVSPost2010Prop51ColorIndex
 90
256
102
RTVSPost2010Prop51ColorRGB
 90
-16777216
102
RTVSPost2010PropOp51
 70
0
102
RTVSPost2010Prop52
140
1.0
102
RTVSPost2010PropOp52
 70
0
102
RTVSPost2010Prop53
 90
2
102
RTVSPost2010PropOp53
 70
1
102
RTVSPost2010Prop54
  1
strokes_ogs.tif
102
RTVSPost2010PropOp54
 70
1
102
RTVSPost2010Prop55
280
0
102
RTVSPost2010PropOp55
 70
1
102
RTVSPost2010Prop56
140
1.0
102
RTVSPost2010PropOp56
 70
1
102
RTVSPost2010Prop57
140
1.0
102
RTVSPost2010PropOp57
 70
1
  0
XRECORD
  5
1FD
102
{ACAD_REACTORS
330
1FC
102
}
330
1FC
100
AcDbXrecord
280
1
102
RTVSPost2010Prop28
280
0
102
RTVSPost2010PropOp28
 70
1
102
RTVSPost2010Prop29
280
1
102
RTVSPost2010PropOp29
 70
1
102
RTVSPost2010Prop30
280
1
102
RTVSPost2010PropOp30
 70
1
102
RTVSPost2010Prop31
280
0
102
RTVSPost2010PropOp31
 70
1
102
RTVSPost2010Prop32
280
0
102
RTVSPost2010PropOp32
 70
1
102
RTVSPost2010Prop33
280
0
102
RTVSPost2010PropOp33
 70
1
102
RTVSPost2010Prop34
280
0
102
RTVSPost2010PropOp34
 70
1
102
RTVSPost2010Prop35
280
0
102
RTVSPost2010PropOp35
 70
1
102
RTVSPost2010Prop36
280
0
102
RTVSPost2010PropOp36
 70
1
102
RTVSPost2010Prop37
 90
50
102
RTVSPost2010PropOp37
 70
1
102
RTVSPost2010Prop38
140
0.0
102
RTVSPost2010PropOp38
 70
1
102
RTVSPost2010Prop39
140
1.0
102
RTVSPost2010PropOp39
 70
1
102
RTVSPost2010Prop40
 90
0
102
RTVSPost2010PropOp40
 70
1
102
RTVSPost2010Prop41ColorIndex
 90
18
102
RTVSPost2010Prop41ColorRGB
 90
0
102
RTVSPost2010PropOp41
 70
1
102
RTVSPost2010Prop42
 90
50
102
RTVSPost2010PropOp42
 70
1
102
RTVSPost2010Prop43
 90
3
102
RTVSPost2010PropOp43
 70
1
102
RTVSPost2010Prop44ColorIndex
 90
5
102
RTVSPost2010Prop44ColorRGB
 90
255
102
RTVSPost2010PropOp44
 70
1
102
RTVSPost2010Prop45
280
0
102
RTVSPost2010PropOp45
 70
1
102
RTVSPost2010Prop46
 90
50
102
RTVSPost2010PropOp46
 70
1
102
RTVSPost2010Prop47
 90
50
102
RTVSPost2010PropOp47
 70
1
102
RTVSPost2010Prop48
 90
50
102
RTVSPost2010PropOp48
 70
1
102
RTVSPost2010Prop49
280
0
102
RTVSPost2010PropOp49
 70
1
102
RTVSPost2010Prop50
 90
50
102
RTVSPost2010PropOp50
 70
1
102
RTVSPost2010Prop51ColorIndex
 90
256
102
RTVSPost2010Prop51ColorRGB
 90
-16777216
102
RTVSPost2010PropOp51
 70
0
102
RTVSPost2010Prop52
140
1.0
102
RTVSPost2010PropOp52
 70
0
102
RTVSPost2010Prop53
 90
2
102
RTVSPost2010PropOp53
 70
1
102
RTVSPost2010Prop54
  1
strokes_ogs.tif
102
RTVSPost2010PropOp54
 70
1
102
RTVSPost2010Prop55
280
0
102
RTVSPost2010PropOp55
 70
1
102
RTVSPost2010Prop56
140
1.0
102
RTVSPost2010PropOp56
 70
1
102
RTVSPost2010Prop57
140
1.0
102
RTVSPost2010PropOp57
 70
1
  0
XRECORD
  5
1FF
102
{ACAD_REACTORS
330
1FE
102
}
330
1FE
100
AcDbXrecord
280
1
102
RTVSPost2010Prop28
280
0
102
RTVSPost2010PropOp28
 70
1
102
RTVSPost2010Prop29
280
1
102
RTVSPost2010PropOp29
 70
1
102
RTVSPost2010Prop30
280
1
102
RTVSPost2010PropOp30
 70
1
102
RTVSPost2010Prop31
280
0
102
RTVSPost2010PropOp31
 70
1
102
RTVSPost2010Prop32
280
0
102
RTVSPost2010PropOp32
 70
1
102
RTVSPost2010Prop33
280
0
102
RTVSPost2010PropOp33
 70
1
102
RTVSPost2010Prop34
280
0
102
RTVSPost2010PropOp34
 70
1
102
RTVSPost2010Prop35
280
0
102
RTVSPost2010PropOp35
 70
1
102
RTVSPost2010Prop36
280
0
102
RTVSPost2010PropOp36
 70
1
102
RTVSPost2010Prop37
 90
50
102
RTVSPost2010PropOp37
 70
1
102
RTVSPost2010Prop38
140
0.0
102
RTVSPost2010PropOp38
 70
1
102
RTVSPost2010Prop39
140
1.0
102
RTVSPost2010PropOp39
 70
1
102
RTVSPost2010Prop40
 90
0
102
RTVSPost2010PropOp40
 70
1
102
RTVSPost2010Prop41ColorIndex
 90
18
102
RTVSPost2010Prop41ColorRGB
 90
0
102
RTVSPost2010PropOp41
 70
1
102
RTVSPost2010Prop42
 90
50
102
RTVSPost2010PropOp42
 70
1
102
RTVSPost2010Prop43
 90
3
102
RTVSPost2010PropOp43
 70
1
102
RTVSPost2010Prop44ColorIndex
 90
5
102
RTVSPost2010Prop44ColorRGB
 90
255
102
RTVSPost2010PropOp44
 70
1
102
RTVSPost2010Prop45
280
0
102
RTVSPost2010PropOp45
 70
1
102
RTVSPost2010Prop46
 90
50
102
RTVSPost2010PropOp46
 70
1
102
RTVSPost2010Prop47
 90
50
102
RTVSPost2010PropOp47
 70
1
102
RTVSPost2010Prop48
 90
50
102
RTVSPost2010PropOp48
 70
1
102
RTVSPost2010Prop49
280
0
102
RTVSPost2010PropOp49
 70
1
102
RTVSPost2010Prop50
 90
50
102
RTVSPost2010PropOp50
 70
1
102
RTVSPost2010Prop51ColorIndex
 90
256
102
RTVSPost2010Prop51ColorRGB
 90
-16777216
102
RTVSPost2010PropOp51
 70
0
102
RTVSPost2010Prop52
140
1.0
102
RTVSPost2010PropOp52
 70
0
102
RTVSPost2010Prop53
 90
2
102
RTVSPost2010PropOp53
 70
1
102
RTVSPost2010Prop54
  1
strokes_ogs.tif
102
RTVSPost2010PropOp54
 70
1
102
RTVSPost2010Prop55
280
0
102
RTVSPost2010PropOp55
 70
1
102
RTVSPost2010Prop56
140
1.0
102
RTVSPost2010PropOp56
 70
1
102
RTVSPost2010Prop57
140
1.0
102
RTVSPost2010PropOp57
 70
1
  0
XRECORD
  5
201
102
{ACAD_REACTORS
330
200
102
}
330
200
100
AcDbXrecord
280
1
102
RTVSPost2010Prop28
280
0
102
RTVSPost2010PropOp28
 70
1
102
RTVSPost2010Prop29
280
1
102
RTVSPost2010PropOp29
 70
1
102
RTVSPost2010Prop30
280
1
102
RTVSPost2010PropOp30
 70
1
102
RTVSPost2010Prop31
280
0
102
RTVSPost2010PropOp31
 70
1
102
RTVSPost2010Prop32
280
0
102
RTVSPost2010PropOp32
 70
1
102
RTVSPost2010Prop33
280
0
102
RTVSPost2010PropOp33
 70
1
102
RTVSPost2010Prop34
280
0
102
RTVSPost2010PropOp34
 70
1
102
RTVSPost2010Prop35
280
0
102
RTVSPost2010PropOp35
 70
1
102
RTVSPost2010Prop36
280
0
102
RTVSPost2010PropOp36
 70
1
102
RTVSPost2010Prop37
 90
50
102
RTVSPost2010PropOp37
 70
1
102
RTVSPost2010Prop38
140
0.0
102
RTVSPost2010PropOp38
 70
1
102
RTVSPost2010Prop39
140
1.0
102
RTVSPost2010PropOp39
 70
1
102
RTVSPost2010Prop40
 90
0
102
RTVSPost2010PropOp40
 70
1
102
RTVSPost2010Prop41ColorIndex
 90
18
102
RTVSPost2010Prop41ColorRGB
 90
0
102
RTVSPost2010PropOp41
 70
1
102
RTVSPost2010Prop42
 90
50
102
RTVSPost2010PropOp42
 70
1
102
RTVSPost2010Prop43
 90
3
102
RTVSPost2010PropOp43
 70
1
102
RTVSPost2010Prop44ColorIndex
 90
5
102
RTVSPost2010Prop44ColorRGB
 90
255
102
RTVSPost2010PropOp44
 70
1
102
RTVSPost2010Prop45
280
0
102
RTVSPost2010PropOp45
 70
1
102
RTVSPost2010Prop46
 90
50
102
RTVSPost2010PropOp46
 70
1
102
RTVSPost2010Prop47
 90
50
102
RTVSPost2010PropOp47
 70
1
102
RTVSPost2010Prop48
 90
50
102
RTVSPost2010PropOp48
 70
1
102
RTVSPost2010Prop49
280
0
102
RTVSPost2010PropOp49
 70
1
102
RTVSPost2010Prop50
 90
50
102
RTVSPost2010PropOp50
 70
1
102
RTVSPost2010Prop51ColorIndex
 90
256
102
RTVSPost2010Prop51ColorRGB
 90
-16777216
102
RTVSPost2010PropOp51
 70
0
102
RTVSPost2010Prop52
140
1.0
102
RTVSPost2010PropOp52
 70
0
102
RTVSPost2010Prop53
 90
2
102
RTVSPost2010PropOp53
 70
1
102
RTVSPost2010Prop54
  1
strokes_ogs.tif
102
RTVSPost2010PropOp54
 70
1
102
RTVSPost2010Prop55
280
0
102
RTVSPost2010PropOp55
 70
1
102
RTVSPost2010Prop56
140
1.0
102
RTVSPost2010PropOp56
 70
1
102
RTVSPost2010Prop57
140
1.0
102
RTVSPost2010PropOp57
 70
1
  0
ENDSEC
  0
EOF
